<?xml version="1.0" encoding="Windows-1252"?>
<!DOCTYPE POWERMART SYSTEM "powrmart.dtd">
<POWERMART CREATION_DATE="11/28/2024 09:53:35" REPOSITORY_VERSION="187.96">
<REPOSITORY NAME="INFA_DEV_REP" VERSION="187" CODEPAGE="MS1252" DATABASETYPE="Microsoft SQL Server">
<FOLDER NAME="DEV_PRACTICE" GROUP="" OWNER="Administrator" SHARED="NOTSHARED" DESCRIPTION="" PERMISSIONS="rwx---r--" UUID="0aa9f3aa-4ace-4461-a3b1-161b8654cb54">
    <SOURCE BUSINESSNAME ="" DATABASETYPE ="Flat File" DBDNAME ="FlatFile" DESCRIPTION ="" NAME ="Customer_data__1_" OBJECTVERSION ="1" OWNERNAME ="" VERSIONNUMBER ="1">
        <FLATFILE CODEPAGE ="MS1252" CONSECDELIMITERSASONE ="NO" DELIMITED ="YES" DELIMITERS ="," ESCAPE_CHARACTER ="" KEEPESCAPECHAR ="NO" LINESEQUENTIAL ="NO" MULTIDELIMITERSASAND ="NO" NULLCHARTYPE ="ASCII" NULL_CHARACTER ="*" PADBYTES ="1" QUOTE_CHARACTER ="NONE" REPEATABLE ="NO" ROWDELIMITER ="0" SHIFTSENSITIVEDATA ="NO" SKIPROWS ="1" STRIPTRAILINGBLANKS ="NO"/>
        <TABLEATTRIBUTE NAME ="Base Table Name" VALUE =""/>
        <TABLEATTRIBUTE NAME ="Search Specification" VALUE =""/>
        <TABLEATTRIBUTE NAME ="Sort Specification" VALUE =""/>
        <TABLEATTRIBUTE NAME ="Datetime Format" VALUE ="A  19 mm/dd/yyyy hh24:mi:ss"/>
        <TABLEATTRIBUTE NAME ="Thousand Separator" VALUE ="None"/>
        <TABLEATTRIBUTE NAME ="Decimal Separator" VALUE ="."/>
        <TABLEATTRIBUTE NAME ="Add Currently Processed Flat File Name Port" VALUE ="NO"/>
        <TABLEATTRIBUTE NAME ="Source TimeStamp" VALUE =""/>
        <SOURCEFIELD BUSINESSNAME ="" DATATYPE ="string" DESCRIPTION ="" FIELDNUMBER ="1" FIELDPROPERTY ="0" FIELDTYPE ="ELEMITEM" HIDDEN ="NO" KEYTYPE ="NOT A KEY" LENGTH ="10" LEVEL ="0" NAME ="cust_name" NULLABLE ="NOTNULL" OCCURS ="0" OFFSET ="0" PHYSICALLENGTH ="10" PHYSICALOFFSET ="0" PICTURETEXT ="" PRECISION ="10" SCALE ="0" USAGE_FLAGS =""/>
        <SOURCEFIELD BUSINESSNAME ="" DATATYPE ="string" DESCRIPTION ="" FIELDNUMBER ="2" FIELDPROPERTY ="0" FIELDTYPE ="ELEMITEM" HIDDEN ="NO" KEYTYPE ="NOT A KEY" LENGTH ="14" LEVEL ="0" NAME ="cust_mob" NULLABLE ="NOTNULL" OCCURS ="0" OFFSET ="10" PHYSICALLENGTH ="14" PHYSICALOFFSET ="10" PICTURETEXT ="" PRECISION ="14" SCALE ="0" USAGE_FLAGS =""/>
        <SOURCEFIELD BUSINESSNAME ="" DATATYPE ="string" DESCRIPTION ="" FIELDNUMBER ="3" FIELDPROPERTY ="0" FIELDTYPE ="ELEMITEM" HIDDEN ="NO" KEYTYPE ="NOT A KEY" LENGTH ="59" LEVEL ="0" NAME ="cust_email" NULLABLE ="NOTNULL" OCCURS ="0" OFFSET ="24" PHYSICALLENGTH ="59" PHYSICALOFFSET ="24" PICTURETEXT ="" PRECISION ="59" SCALE ="0" USAGE_FLAGS =""/>
        <SOURCEFIELD BUSINESSNAME ="" DATATYPE ="string" DESCRIPTION ="" FIELDNUMBER ="4" FIELDPROPERTY ="0" FIELDTYPE ="ELEMITEM" HIDDEN ="NO" KEYTYPE ="NOT A KEY" LENGTH ="32" LEVEL ="0" NAME ="cust_addr" NULLABLE ="NOTNULL" OCCURS ="0" OFFSET ="83" PHYSICALLENGTH ="32" PHYSICALOFFSET ="83" PICTURETEXT ="" PRECISION ="32" SCALE ="0" USAGE_FLAGS =""/>
    </SOURCE>
    <TARGET BUSINESSNAME ="" CONSTRAINT ="" DATABASETYPE ="Microsoft SQL Server" DESCRIPTION ="" NAME ="STG_CUSTOMER_DATA" OBJECTVERSION ="1" TABLEOPTIONS ="" VERSIONNUMBER ="1">
        <TARGETFIELD BUSINESSNAME ="" DATATYPE ="varchar" DESCRIPTION ="" FIELDNUMBER ="1" KEYTYPE ="NOT A KEY" NAME ="CUST_NAME" NULLABLE ="NOTNULL" PICTURETEXT ="" PRECISION ="100" SCALE ="0"/>
        <TARGETFIELD BUSINESSNAME ="" DATATYPE ="varchar" DESCRIPTION ="" FIELDNUMBER ="2" KEYTYPE ="NOT A KEY" NAME ="CUST_MOB" NULLABLE ="NOTNULL" PICTURETEXT ="" PRECISION ="100" SCALE ="0"/>
        <TARGETFIELD BUSINESSNAME ="" DATATYPE ="varchar" DESCRIPTION ="" FIELDNUMBER ="3" KEYTYPE ="NOT A KEY" NAME ="CUST_EMAIL" NULLABLE ="NOTNULL" PICTURETEXT ="" PRECISION ="100" SCALE ="0"/>
        <TARGETFIELD BUSINESSNAME ="" DATATYPE ="varchar" DESCRIPTION ="" FIELDNUMBER ="4" KEYTYPE ="NOT A KEY" NAME ="CUST_ADDR" NULLABLE ="NOTNULL" PICTURETEXT ="" PRECISION ="100" SCALE ="0"/>
    </TARGET>
    <MAPPING DESCRIPTION ="" ISVALID ="YES" NAME ="m_cust_data" OBJECTVERSION ="1" VERSIONNUMBER ="1">
        <TRANSFORMATION DESCRIPTION ="" NAME ="SQ_Customer_data__1_" OBJECTVERSION ="1" REUSABLE ="NO" TYPE ="Source Qualifier" VERSIONNUMBER ="1">
            <TRANSFORMFIELD DATATYPE ="string" DEFAULTVALUE ="" DESCRIPTION ="" NAME ="cust_name" PICTURETEXT ="" PORTTYPE ="INPUT/OUTPUT" PRECISION ="10" SCALE ="0"/>
            <TRANSFORMFIELD DATATYPE ="string" DEFAULTVALUE ="" DESCRIPTION ="" NAME ="cust_mob" PICTURETEXT ="" PORTTYPE ="INPUT/OUTPUT" PRECISION ="14" SCALE ="0"/>
            <TRANSFORMFIELD DATATYPE ="string" DEFAULTVALUE ="" DESCRIPTION ="" NAME ="cust_email" PICTURETEXT ="" PORTTYPE ="INPUT/OUTPUT" PRECISION ="59" SCALE ="0"/>
            <TRANSFORMFIELD DATATYPE ="string" DEFAULTVALUE ="" DESCRIPTION ="" NAME ="cust_addr" PICTURETEXT ="" PORTTYPE ="INPUT/OUTPUT" PRECISION ="32" SCALE ="0"/>
            <TABLEATTRIBUTE NAME ="Sql Query" VALUE =""/>
            <TABLEATTRIBUTE NAME ="User Defined Join" VALUE =""/>
            <TABLEATTRIBUTE NAME ="Source Filter" VALUE =""/>
            <TABLEATTRIBUTE NAME ="Number Of Sorted Ports" VALUE ="0"/>
            <TABLEATTRIBUTE NAME ="Tracing Level" VALUE ="Normal"/>
            <TABLEATTRIBUTE NAME ="Select Distinct" VALUE ="NO"/>
            <TABLEATTRIBUTE NAME ="Is Partitionable" VALUE ="NO"/>
            <TABLEATTRIBUTE NAME ="Pre SQL" VALUE =""/>
            <TABLEATTRIBUTE NAME ="Post SQL" VALUE =""/>
            <TABLEATTRIBUTE NAME ="Output is deterministic" VALUE ="NO"/>
            <TABLEATTRIBUTE NAME ="Output is repeatable" VALUE ="Never"/>
        </TRANSFORMATION>
        <INSTANCE DESCRIPTION ="" NAME ="STG_CUSTOMER_DATA" TRANSFORMATION_NAME ="STG_CUSTOMER_DATA" TRANSFORMATION_TYPE ="Target Definition" TYPE ="TARGET"/>
        <INSTANCE DBDNAME ="FlatFile" DESCRIPTION ="" NAME ="Customer_data__1_" TRANSFORMATION_NAME ="Customer_data__1_" TRANSFORMATION_TYPE ="Source Definition" TYPE ="SOURCE"/>
        <INSTANCE DESCRIPTION ="" NAME ="SQ_Customer_data__1_" REUSABLE ="NO" TRANSFORMATION_NAME ="SQ_Customer_data__1_" TRANSFORMATION_TYPE ="Source Qualifier" TYPE ="TRANSFORMATION">
            <ASSOCIATED_SOURCE_INSTANCE NAME ="Customer_data__1_"/>
        </INSTANCE>
        <CONNECTOR FROMFIELD ="cust_name" FROMINSTANCE ="SQ_Customer_data__1_" FROMINSTANCETYPE ="Source Qualifier" TOFIELD ="CUST_NAME" TOINSTANCE ="STG_CUSTOMER_DATA" TOINSTANCETYPE ="Target Definition"/>
        <CONNECTOR FROMFIELD ="cust_mob" FROMINSTANCE ="SQ_Customer_data__1_" FROMINSTANCETYPE ="Source Qualifier" TOFIELD ="CUST_MOB" TOINSTANCE ="STG_CUSTOMER_DATA" TOINSTANCETYPE ="Target Definition"/>
        <CONNECTOR FROMFIELD ="cust_email" FROMINSTANCE ="SQ_Customer_data__1_" FROMINSTANCETYPE ="Source Qualifier" TOFIELD ="CUST_EMAIL" TOINSTANCE ="STG_CUSTOMER_DATA" TOINSTANCETYPE ="Target Definition"/>
        <CONNECTOR FROMFIELD ="cust_addr" FROMINSTANCE ="SQ_Customer_data__1_" FROMINSTANCETYPE ="Source Qualifier" TOFIELD ="CUST_ADDR" TOINSTANCE ="STG_CUSTOMER_DATA" TOINSTANCETYPE ="Target Definition"/>
        <CONNECTOR FROMFIELD ="cust_name" FROMINSTANCE ="Customer_data__1_" FROMINSTANCETYPE ="Source Definition" TOFIELD ="cust_name" TOINSTANCE ="SQ_Customer_data__1_" TOINSTANCETYPE ="Source Qualifier"/>
        <CONNECTOR FROMFIELD ="cust_mob" FROMINSTANCE ="Customer_data__1_" FROMINSTANCETYPE ="Source Definition" TOFIELD ="cust_mob" TOINSTANCE ="SQ_Customer_data__1_" TOINSTANCETYPE ="Source Qualifier"/>
        <CONNECTOR FROMFIELD ="cust_email" FROMINSTANCE ="Customer_data__1_" FROMINSTANCETYPE ="Source Definition" TOFIELD ="cust_email" TOINSTANCE ="SQ_Customer_data__1_" TOINSTANCETYPE ="Source Qualifier"/>
        <CONNECTOR FROMFIELD ="cust_addr" FROMINSTANCE ="Customer_data__1_" FROMINSTANCETYPE ="Source Definition" TOFIELD ="cust_addr" TOINSTANCE ="SQ_Customer_data__1_" TOINSTANCETYPE ="Source Qualifier"/>
        <TARGETLOADORDER ORDER ="1" TARGETINSTANCE ="STG_CUSTOMER_DATA"/>
        <ERPINFO/>
    </MAPPING>
</FOLDER>
</REPOSITORY>
</POWERMART>