<?xml version="1.0" encoding="Windows-1252"?>
<!DOCTYPE POWERMART SYSTEM "powrmart.dtd">
<POWERMART CREATION_DATE="11/28/2024 10:05:21" REPOSITORY_VERSION="187.96">
<REPOSITORY NAME="INFA_DEV_REP" VERSION="187" CODEPAGE="MS1252" DATABASETYPE="Microsoft SQL Server">
<FOLDER NAME="DEV_PRACTICE" GROUP="" OWNER="Administrator" SHARED="NOTSHARED" DESCRIPTION="" PERMISSIONS="rwx---r--" UUID="0aa9f3aa-4ace-4461-a3b1-161b8654cb54">
    <SOURCE BUSINESSNAME ="" DATABASETYPE ="Microsoft SQL Server" DBDNAME ="inf_ss_hr" DESCRIPTION ="" NAME ="STG_EMP_DATA" OBJECTVERSION ="1" OWNERNAME ="dbo" VERSIONNUMBER ="1">
        <SOURCEFIELD BUSINESSNAME ="" DATATYPE ="varchar" DESCRIPTION ="" FIELDNUMBER ="1" FIELDPROPERTY ="0" FIELDTYPE ="ELEMITEM" HIDDEN ="NO" KEYTYPE ="NOT A KEY" LENGTH ="0" LEVEL ="0" NAME ="EMP_CD" NULLABLE ="NOTNULL" OCCURS ="0" OFFSET ="0" PHYSICALLENGTH ="9" PHYSICALOFFSET ="0" PICTURETEXT ="" PRECISION ="9" SCALE ="0" USAGE_FLAGS =""/>
        <SOURCEFIELD BUSINESSNAME ="" DATATYPE ="varchar" DESCRIPTION ="" FIELDNUMBER ="2" FIELDPROPERTY ="0" FIELDTYPE ="ELEMITEM" HIDDEN ="NO" KEYTYPE ="NOT A KEY" LENGTH ="0" LEVEL ="0" NAME ="RETAIL_CD" NULLABLE ="NOTNULL" OCCURS ="0" OFFSET ="0" PHYSICALLENGTH ="10" PHYSICALOFFSET ="9" PICTURETEXT ="" PRECISION ="10" SCALE ="0" USAGE_FLAGS =""/>
        <SOURCEFIELD BUSINESSNAME ="" DATATYPE ="varchar" DESCRIPTION ="" FIELDNUMBER ="3" FIELDPROPERTY ="0" FIELDTYPE ="ELEMITEM" HIDDEN ="NO" KEYTYPE ="NOT A KEY" LENGTH ="0" LEVEL ="0" NAME ="EMP_NAME" NULLABLE ="NOTNULL" OCCURS ="0" OFFSET ="0" PHYSICALLENGTH ="23" PHYSICALOFFSET ="19" PICTURETEXT ="" PRECISION ="23" SCALE ="0" USAGE_FLAGS =""/>
        <SOURCEFIELD BUSINESSNAME ="" DATATYPE ="varchar" DESCRIPTION ="" FIELDNUMBER ="4" FIELDPROPERTY ="0" FIELDTYPE ="ELEMITEM" HIDDEN ="NO" KEYTYPE ="NOT A KEY" LENGTH ="0" LEVEL ="0" NAME ="EMP_GENDER" NULLABLE ="NOTNULL" OCCURS ="0" OFFSET ="0" PHYSICALLENGTH ="1" PHYSICALOFFSET ="42" PICTURETEXT ="" PRECISION ="1" SCALE ="0" USAGE_FLAGS =""/>
        <SOURCEFIELD BUSINESSNAME ="" DATATYPE ="datetime" DESCRIPTION ="" FIELDNUMBER ="5" FIELDPROPERTY ="0" FIELDTYPE ="ELEMITEM" HIDDEN ="NO" KEYTYPE ="NOT A KEY" LENGTH ="19" LEVEL ="0" NAME ="EMP_DOB" NULLABLE ="NULL" OCCURS ="0" OFFSET ="0" PHYSICALLENGTH ="23" PHYSICALOFFSET ="43" PICTURETEXT ="" PRECISION ="23" SCALE ="3" USAGE_FLAGS =""/>
        <SOURCEFIELD BUSINESSNAME ="" DATATYPE ="varchar" DESCRIPTION ="" FIELDNUMBER ="6" FIELDPROPERTY ="0" FIELDTYPE ="ELEMITEM" HIDDEN ="NO" KEYTYPE ="NOT A KEY" LENGTH ="0" LEVEL ="0" NAME ="EMP_ADDRESS" NULLABLE ="NOTNULL" OCCURS ="0" OFFSET ="19" PHYSICALLENGTH ="100" PHYSICALOFFSET ="66" PICTURETEXT ="" PRECISION ="100" SCALE ="0" USAGE_FLAGS =""/>
    </SOURCE>
    <TARGET BUSINESSNAME ="" CONSTRAINT ="" DATABASETYPE ="Microsoft SQL Server" DESCRIPTION ="" NAME ="DIM_EMPLOYEE" OBJECTVERSION ="1" TABLEOPTIONS ="" VERSIONNUMBER ="1">
        <TARGETFIELD BUSINESSNAME ="" DATATYPE ="int" DESCRIPTION ="" FIELDNUMBER ="1" KEYTYPE ="PRIMARY KEY" NAME ="EMP_ID" NULLABLE ="NOTNULL" PICTURETEXT ="" PRECISION ="10" SCALE ="0"/>
        <TARGETFIELD BUSINESSNAME ="" DATATYPE ="varchar" DESCRIPTION ="" FIELDNUMBER ="2" KEYTYPE ="NOT A KEY" NAME ="EMP_CD" NULLABLE ="NOTNULL" PICTURETEXT ="" PRECISION ="100" SCALE ="0"/>
        <TARGETFIELD BUSINESSNAME ="" DATATYPE ="varchar" DESCRIPTION ="" FIELDNUMBER ="3" KEYTYPE ="NOT A KEY" NAME ="EMP_NAME" NULLABLE ="NOTNULL" PICTURETEXT ="" PRECISION ="100" SCALE ="0"/>
        <TARGETFIELD BUSINESSNAME ="" DATATYPE ="varchar" DESCRIPTION ="" FIELDNUMBER ="4" KEYTYPE ="NOT A KEY" NAME ="EMP_GENDER" NULLABLE ="NOTNULL" PICTURETEXT ="" PRECISION ="1" SCALE ="0"/>
        <TARGETFIELD BUSINESSNAME ="" DATATYPE ="varchar" DESCRIPTION ="" FIELDNUMBER ="5" KEYTYPE ="NOT A KEY" NAME ="EMP_ADDRESS" NULLABLE ="NOTNULL" PICTURETEXT ="" PRECISION ="100" SCALE ="0"/>
        <TARGETFIELD BUSINESSNAME ="" DATATYPE ="datetime" DESCRIPTION ="" FIELDNUMBER ="6" KEYTYPE ="NOT A KEY" NAME ="EMP_DOB" NULLABLE ="NOTNULL" PICTURETEXT ="" PRECISION ="23" SCALE ="3"/>
        <TARGETFIELD BUSINESSNAME ="" DATATYPE ="datetime" DESCRIPTION ="" FIELDNUMBER ="7" KEYTYPE ="NOT A KEY" NAME ="create_date" NULLABLE ="NULL" PICTURETEXT ="" PRECISION ="23" SCALE ="3"/>
        <TARGETFIELD BUSINESSNAME ="" DATATYPE ="datetime" DESCRIPTION ="" FIELDNUMBER ="8" KEYTYPE ="NOT A KEY" NAME ="update_date" NULLABLE ="NULL" PICTURETEXT ="" PRECISION ="23" SCALE ="3"/>
    </TARGET>
    <MAPPING DESCRIPTION ="" ISVALID ="YES" NAME ="m_dim_emp" OBJECTVERSION ="1" VERSIONNUMBER ="1">
        <TRANSFORMATION DESCRIPTION ="" NAME ="SQ_STG_EMP_DATA" OBJECTVERSION ="1" REUSABLE ="NO" TYPE ="Source Qualifier" VERSIONNUMBER ="1">
            <TRANSFORMFIELD DATATYPE ="string" DEFAULTVALUE ="" DESCRIPTION ="" NAME ="EMP_CD" PICTURETEXT ="" PORTTYPE ="INPUT/OUTPUT" PRECISION ="9" SCALE ="0"/>
            <TRANSFORMFIELD DATATYPE ="string" DEFAULTVALUE ="" DESCRIPTION ="" NAME ="RETAIL_CD" PICTURETEXT ="" PORTTYPE ="INPUT/OUTPUT" PRECISION ="10" SCALE ="0"/>
            <TRANSFORMFIELD DATATYPE ="string" DEFAULTVALUE ="" DESCRIPTION ="" NAME ="EMP_NAME" PICTURETEXT ="" PORTTYPE ="INPUT/OUTPUT" PRECISION ="23" SCALE ="0"/>
            <TRANSFORMFIELD DATATYPE ="string" DEFAULTVALUE ="" DESCRIPTION ="" NAME ="EMP_GENDER" PICTURETEXT ="" PORTTYPE ="INPUT/OUTPUT" PRECISION ="1" SCALE ="0"/>
            <TRANSFORMFIELD DATATYPE ="date/time" DEFAULTVALUE ="" DESCRIPTION ="" NAME ="EMP_DOB" PICTURETEXT ="" PORTTYPE ="INPUT/OUTPUT" PRECISION ="29" SCALE ="9"/>
            <TRANSFORMFIELD DATATYPE ="string" DEFAULTVALUE ="" DESCRIPTION ="" NAME ="EMP_ADDRESS" PICTURETEXT ="" PORTTYPE ="INPUT/OUTPUT" PRECISION ="100" SCALE ="0"/>
            <TABLEATTRIBUTE NAME ="Sql Query" VALUE =""/>
            <TABLEATTRIBUTE NAME ="User Defined Join" VALUE =""/>
            <TABLEATTRIBUTE NAME ="Source Filter" VALUE =""/>
            <TABLEATTRIBUTE NAME ="Number Of Sorted Ports" VALUE ="0"/>
            <TABLEATTRIBUTE NAME ="Tracing Level" VALUE ="Normal"/>
            <TABLEATTRIBUTE NAME ="Select Distinct" VALUE ="NO"/>
            <TABLEATTRIBUTE NAME ="Is Partitionable" VALUE ="NO"/>
            <TABLEATTRIBUTE NAME ="Pre SQL" VALUE =""/>
            <TABLEATTRIBUTE NAME ="Post SQL" VALUE =""/>
            <TABLEATTRIBUTE NAME ="Output is deterministic" VALUE ="NO"/>
            <TABLEATTRIBUTE NAME ="Output is repeatable" VALUE ="Never"/>
        </TRANSFORMATION>
        <TRANSFORMATION DESCRIPTION ="" NAME ="exp_date" OBJECTVERSION ="1" REUSABLE ="NO" TYPE ="Expression" VERSIONNUMBER ="1">
            <TRANSFORMFIELD DATATYPE ="string" DEFAULTVALUE ="" DESCRIPTION ="" EXPRESSION ="EMP_CD" EXPRESSIONTYPE ="GENERAL" NAME ="EMP_CD" PICTURETEXT ="" PORTTYPE ="INPUT/OUTPUT" PRECISION ="9" SCALE ="0"/>
            <TRANSFORMFIELD DATATYPE ="string" DEFAULTVALUE ="" DESCRIPTION ="" EXPRESSION ="EMP_NAME" EXPRESSIONTYPE ="GENERAL" NAME ="EMP_NAME" PICTURETEXT ="" PORTTYPE ="INPUT/OUTPUT" PRECISION ="23" SCALE ="0"/>
            <TRANSFORMFIELD DATATYPE ="string" DEFAULTVALUE ="" DESCRIPTION ="" EXPRESSION ="EMP_GENDER" EXPRESSIONTYPE ="GENERAL" NAME ="EMP_GENDER" PICTURETEXT ="" PORTTYPE ="INPUT/OUTPUT" PRECISION ="1" SCALE ="0"/>
            <TRANSFORMFIELD DATATYPE ="date/time" DEFAULTVALUE ="" DESCRIPTION ="" EXPRESSION ="EMP_DOB" EXPRESSIONTYPE ="GENERAL" NAME ="EMP_DOB" PICTURETEXT ="" PORTTYPE ="INPUT/OUTPUT" PRECISION ="29" SCALE ="9"/>
            <TRANSFORMFIELD DATATYPE ="string" DEFAULTVALUE ="" DESCRIPTION ="" EXPRESSION ="EMP_ADDRESS" EXPRESSIONTYPE ="GENERAL" NAME ="EMP_ADDRESS" PICTURETEXT ="" PORTTYPE ="INPUT/OUTPUT" PRECISION ="100" SCALE ="0"/>
            <TRANSFORMFIELD DATATYPE ="date/time" DEFAULTVALUE ="ERROR(&apos;transformation error&apos;)" DESCRIPTION ="" EXPRESSION ="SYSDATE" EXPRESSIONTYPE ="GENERAL" NAME ="create_date" PICTURETEXT ="" PORTTYPE ="OUTPUT" PRECISION ="29" SCALE ="9"/>
            <TRANSFORMFIELD DATATYPE ="date/time" DEFAULTVALUE ="ERROR(&apos;transformation error&apos;)" DESCRIPTION ="" EXPRESSION ="SYSDATE" EXPRESSIONTYPE ="GENERAL" NAME ="update_date" PICTURETEXT ="" PORTTYPE ="OUTPUT" PRECISION ="29" SCALE ="9"/>
            <TABLEATTRIBUTE NAME ="Tracing Level" VALUE ="Normal"/>
        </TRANSFORMATION>
        <TRANSFORMATION DESCRIPTION ="" NAME ="sg_emp" OBJECTVERSION ="1" REUSABLE ="NO" TYPE ="Sequence" VERSIONNUMBER ="1">
            <TRANSFORMFIELD DATATYPE ="bigint" DEFAULTVALUE ="ERROR(&apos;transformation error&apos;)" DESCRIPTION ="" NAME ="NEXTVAL" PICTURETEXT ="" PORTTYPE ="OUTPUT" PRECISION ="19" SCALE ="0"/>
            <TRANSFORMFIELD DATATYPE ="bigint" DEFAULTVALUE ="ERROR(&apos;transformation error&apos;)" DESCRIPTION ="" NAME ="CURRVAL" PICTURETEXT ="" PORTTYPE ="OUTPUT" PRECISION ="19" SCALE ="0"/>
            <TABLEATTRIBUTE NAME ="Start Value" VALUE ="1"/>
            <TABLEATTRIBUTE NAME ="Increment By" VALUE ="1"/>
            <TABLEATTRIBUTE NAME ="End Value" VALUE ="9223372036854775807"/>
            <TABLEATTRIBUTE NAME ="Current Value" VALUE ="998"/>
            <TABLEATTRIBUTE NAME ="Cycle" VALUE ="NO"/>
            <TABLEATTRIBUTE NAME ="Number of Cached Values" VALUE ="0"/>
            <TABLEATTRIBUTE NAME ="Reset" VALUE ="NO"/>
            <TABLEATTRIBUTE NAME ="Is Current Value Shared" VALUE ="NO"/>
            <TABLEATTRIBUTE NAME ="Tracing Level" VALUE ="Normal"/>
        </TRANSFORMATION>
        <INSTANCE DESCRIPTION ="" NAME ="DIM_EMPLOYEE" TRANSFORMATION_NAME ="DIM_EMPLOYEE" TRANSFORMATION_TYPE ="Target Definition" TYPE ="TARGET"/>
        <INSTANCE DBDNAME ="inf_ss_hr" DESCRIPTION ="" NAME ="STG_EMP_DATA" TRANSFORMATION_NAME ="STG_EMP_DATA" TRANSFORMATION_TYPE ="Source Definition" TYPE ="SOURCE"/>
        <INSTANCE DESCRIPTION ="" NAME ="SQ_STG_EMP_DATA" REUSABLE ="NO" TRANSFORMATION_NAME ="SQ_STG_EMP_DATA" TRANSFORMATION_TYPE ="Source Qualifier" TYPE ="TRANSFORMATION">
            <ASSOCIATED_SOURCE_INSTANCE NAME ="STG_EMP_DATA"/>
        </INSTANCE>
        <INSTANCE DESCRIPTION ="" NAME ="exp_date" REUSABLE ="NO" TRANSFORMATION_NAME ="exp_date" TRANSFORMATION_TYPE ="Expression" TYPE ="TRANSFORMATION"/>
        <INSTANCE DESCRIPTION ="" NAME ="sg_emp" REUSABLE ="NO" TRANSFORMATION_NAME ="sg_emp" TRANSFORMATION_TYPE ="Sequence" TYPE ="TRANSFORMATION"/>
        <CONNECTOR FROMFIELD ="EMP_CD" FROMINSTANCE ="exp_date" FROMINSTANCETYPE ="Expression" TOFIELD ="EMP_CD" TOINSTANCE ="DIM_EMPLOYEE" TOINSTANCETYPE ="Target Definition"/>
        <CONNECTOR FROMFIELD ="EMP_NAME" FROMINSTANCE ="exp_date" FROMINSTANCETYPE ="Expression" TOFIELD ="EMP_NAME" TOINSTANCE ="DIM_EMPLOYEE" TOINSTANCETYPE ="Target Definition"/>
        <CONNECTOR FROMFIELD ="EMP_GENDER" FROMINSTANCE ="exp_date" FROMINSTANCETYPE ="Expression" TOFIELD ="EMP_GENDER" TOINSTANCE ="DIM_EMPLOYEE" TOINSTANCETYPE ="Target Definition"/>
        <CONNECTOR FROMFIELD ="EMP_DOB" FROMINSTANCE ="exp_date" FROMINSTANCETYPE ="Expression" TOFIELD ="EMP_DOB" TOINSTANCE ="DIM_EMPLOYEE" TOINSTANCETYPE ="Target Definition"/>
        <CONNECTOR FROMFIELD ="EMP_ADDRESS" FROMINSTANCE ="exp_date" FROMINSTANCETYPE ="Expression" TOFIELD ="EMP_ADDRESS" TOINSTANCE ="DIM_EMPLOYEE" TOINSTANCETYPE ="Target Definition"/>
        <CONNECTOR FROMFIELD ="create_date" FROMINSTANCE ="exp_date" FROMINSTANCETYPE ="Expression" TOFIELD ="create_date" TOINSTANCE ="DIM_EMPLOYEE" TOINSTANCETYPE ="Target Definition"/>
        <CONNECTOR FROMFIELD ="update_date" FROMINSTANCE ="exp_date" FROMINSTANCETYPE ="Expression" TOFIELD ="update_date" TOINSTANCE ="DIM_EMPLOYEE" TOINSTANCETYPE ="Target Definition"/>
        <CONNECTOR FROMFIELD ="NEXTVAL" FROMINSTANCE ="sg_emp" FROMINSTANCETYPE ="Sequence" TOFIELD ="EMP_ID" TOINSTANCE ="DIM_EMPLOYEE" TOINSTANCETYPE ="Target Definition"/>
        <CONNECTOR FROMFIELD ="EMP_CD" FROMINSTANCE ="STG_EMP_DATA" FROMINSTANCETYPE ="Source Definition" TOFIELD ="EMP_CD" TOINSTANCE ="SQ_STG_EMP_DATA" TOINSTANCETYPE ="Source Qualifier"/>
        <CONNECTOR FROMFIELD ="RETAIL_CD" FROMINSTANCE ="STG_EMP_DATA" FROMINSTANCETYPE ="Source Definition" TOFIELD ="RETAIL_CD" TOINSTANCE ="SQ_STG_EMP_DATA" TOINSTANCETYPE ="Source Qualifier"/>
        <CONNECTOR FROMFIELD ="EMP_NAME" FROMINSTANCE ="STG_EMP_DATA" FROMINSTANCETYPE ="Source Definition" TOFIELD ="EMP_NAME" TOINSTANCE ="SQ_STG_EMP_DATA" TOINSTANCETYPE ="Source Qualifier"/>
        <CONNECTOR FROMFIELD ="EMP_GENDER" FROMINSTANCE ="STG_EMP_DATA" FROMINSTANCETYPE ="Source Definition" TOFIELD ="EMP_GENDER" TOINSTANCE ="SQ_STG_EMP_DATA" TOINSTANCETYPE ="Source Qualifier"/>
        <CONNECTOR FROMFIELD ="EMP_DOB" FROMINSTANCE ="STG_EMP_DATA" FROMINSTANCETYPE ="Source Definition" TOFIELD ="EMP_DOB" TOINSTANCE ="SQ_STG_EMP_DATA" TOINSTANCETYPE ="Source Qualifier"/>
        <CONNECTOR FROMFIELD ="EMP_ADDRESS" FROMINSTANCE ="STG_EMP_DATA" FROMINSTANCETYPE ="Source Definition" TOFIELD ="EMP_ADDRESS" TOINSTANCE ="SQ_STG_EMP_DATA" TOINSTANCETYPE ="Source Qualifier"/>
        <CONNECTOR FROMFIELD ="EMP_CD" FROMINSTANCE ="SQ_STG_EMP_DATA" FROMINSTANCETYPE ="Source Qualifier" TOFIELD ="EMP_CD" TOINSTANCE ="exp_date" TOINSTANCETYPE ="Expression"/>
        <CONNECTOR FROMFIELD ="EMP_NAME" FROMINSTANCE ="SQ_STG_EMP_DATA" FROMINSTANCETYPE ="Source Qualifier" TOFIELD ="EMP_NAME" TOINSTANCE ="exp_date" TOINSTANCETYPE ="Expression"/>
        <CONNECTOR FROMFIELD ="EMP_GENDER" FROMINSTANCE ="SQ_STG_EMP_DATA" FROMINSTANCETYPE ="Source Qualifier" TOFIELD ="EMP_GENDER" TOINSTANCE ="exp_date" TOINSTANCETYPE ="Expression"/>
        <CONNECTOR FROMFIELD ="EMP_DOB" FROMINSTANCE ="SQ_STG_EMP_DATA" FROMINSTANCETYPE ="Source Qualifier" TOFIELD ="EMP_DOB" TOINSTANCE ="exp_date" TOINSTANCETYPE ="Expression"/>
        <CONNECTOR FROMFIELD ="EMP_ADDRESS" FROMINSTANCE ="SQ_STG_EMP_DATA" FROMINSTANCETYPE ="Source Qualifier" TOFIELD ="EMP_ADDRESS" TOINSTANCE ="exp_date" TOINSTANCETYPE ="Expression"/>
        <TARGETLOADORDER ORDER ="1" TARGETINSTANCE ="DIM_EMPLOYEE"/>
        <ERPINFO/>
    </MAPPING>
</FOLDER>
</REPOSITORY>
</POWERMART>