<?xml version="1.0" encoding="Windows-1252"?>
<!DOCTYPE POWERMART SYSTEM "powrmart.dtd">
<POWERMART CREATION_DATE="11/28/2024 09:54:32" REPOSITORY_VERSION="187.96">
<REPOSITORY NAME="INFA_DEV_REP" VERSION="187" CODEPAGE="MS1252" DATABASETYPE="Microsoft SQL Server">
<FOLDER NAME="DEV_PRACTICE" GROUP="" OWNER="Administrator" SHARED="NOTSHARED" DESCRIPTION="" PERMISSIONS="rwx---r--" UUID="0aa9f3aa-4ace-4461-a3b1-161b8654cb54">
    <SOURCE BUSINESSNAME ="" DATABASETYPE ="Flat File" DBDNAME ="FlatFile" DESCRIPTION ="" NAME ="ff_emp_data1" OBJECTVERSION ="1" OWNERNAME ="" VERSIONNUMBER ="1">
        <FLATFILE CODEPAGE ="MS1252" CONSECDELIMITERSASONE ="NO" DELIMITED ="YES" DELIMITERS ="," ESCAPE_CHARACTER ="" KEEPESCAPECHAR ="NO" LINESEQUENTIAL ="NO" MULTIDELIMITERSASAND ="YES" NULLCHARTYPE ="ASCII" NULL_CHARACTER ="*" PADBYTES ="1" QUOTE_CHARACTER ="DOUBLE" REPEATABLE ="NO" ROWDELIMITER ="0" SHIFTSENSITIVEDATA ="NO" SKIPROWS ="0" STRIPTRAILINGBLANKS ="NO"/>
        <TABLEATTRIBUTE NAME ="Base Table Name" VALUE =""/>
        <TABLEATTRIBUTE NAME ="Search Specification" VALUE =""/>
        <TABLEATTRIBUTE NAME ="Sort Specification" VALUE =""/>
        <TABLEATTRIBUTE NAME ="Datetime Format" VALUE ="A  19 mm/dd/yyyy hh24:mi:ss"/>
        <TABLEATTRIBUTE NAME ="Thousand Separator" VALUE ="None"/>
        <TABLEATTRIBUTE NAME ="Decimal Separator" VALUE ="."/>
        <TABLEATTRIBUTE NAME ="Add Currently Processed Flat File Name Port" VALUE ="NO"/>
        <TABLEATTRIBUTE NAME ="Source TimeStamp" VALUE =""/>
        <SOURCEFIELD BUSINESSNAME ="" DATATYPE ="string" DESCRIPTION ="" FIELDNUMBER ="1" FIELDPROPERTY ="0" FIELDTYPE ="ELEMITEM" HIDDEN ="NO" KEYTYPE ="NOT A KEY" LENGTH ="9" LEVEL ="0" NAME ="EMP_CD" NULLABLE ="NULL" OCCURS ="0" OFFSET ="0" PHYSICALLENGTH ="9" PHYSICALOFFSET ="0" PICTURETEXT ="" PRECISION ="9" SCALE ="0" USAGE_FLAGS =""/>
        <SOURCEFIELD BUSINESSNAME ="" DATATYPE ="string" DESCRIPTION ="" FIELDNUMBER ="2" FIELDPROPERTY ="0" FIELDTYPE ="ELEMITEM" HIDDEN ="NO" KEYTYPE ="NOT A KEY" LENGTH ="10" LEVEL ="0" NAME ="RETAIL_CD" NULLABLE ="NULL" OCCURS ="0" OFFSET ="9" PHYSICALLENGTH ="10" PHYSICALOFFSET ="9" PICTURETEXT ="" PRECISION ="10" SCALE ="0" USAGE_FLAGS =""/>
        <SOURCEFIELD BUSINESSNAME ="" DATATYPE ="string" DESCRIPTION ="" FIELDNUMBER ="3" FIELDPROPERTY ="0" FIELDTYPE ="ELEMITEM" HIDDEN ="NO" KEYTYPE ="NOT A KEY" LENGTH ="23" LEVEL ="0" NAME ="EMP_NAME" NULLABLE ="NULL" OCCURS ="0" OFFSET ="19" PHYSICALLENGTH ="23" PHYSICALOFFSET ="19" PICTURETEXT ="" PRECISION ="23" SCALE ="0" USAGE_FLAGS =""/>
        <SOURCEFIELD BUSINESSNAME ="" DATATYPE ="string" DESCRIPTION ="" FIELDNUMBER ="4" FIELDPROPERTY ="0" FIELDTYPE ="ELEMITEM" HIDDEN ="NO" KEYTYPE ="NOT A KEY" LENGTH ="1" LEVEL ="0" NAME ="EMP_GENDER" NULLABLE ="NULL" OCCURS ="0" OFFSET ="42" PHYSICALLENGTH ="1" PHYSICALOFFSET ="42" PICTURETEXT ="" PRECISION ="1" SCALE ="0" USAGE_FLAGS =""/>
        <SOURCEFIELD BUSINESSNAME ="" DATATYPE ="datetime" DESCRIPTION ="" FIELDNUMBER ="5" FIELDPROPERTY ="0" FIELDTYPE ="ELEMITEM" HIDDEN ="NO" KEYTYPE ="NOT A KEY" LENGTH ="19" LEVEL ="0" NAME ="EMP_DOB" NULLABLE ="NULL" OCCURS ="0" OFFSET ="43" PHYSICALLENGTH ="29" PHYSICALOFFSET ="43" PICTURETEXT ="" PRECISION ="29" SCALE ="0" USAGE_FLAGS =""/>
        <SOURCEFIELD BUSINESSNAME ="" DATATYPE ="string" DESCRIPTION ="" FIELDNUMBER ="6" FIELDPROPERTY ="0" FIELDTYPE ="ELEMITEM" HIDDEN ="NO" KEYTYPE ="NOT A KEY" LENGTH ="20" LEVEL ="0" NAME ="EMP_ADDRESS" NULLABLE ="NULL" OCCURS ="0" OFFSET ="62" PHYSICALLENGTH ="20" PHYSICALOFFSET ="72" PICTURETEXT ="" PRECISION ="20" SCALE ="0" USAGE_FLAGS =""/>
    </SOURCE>
    <TARGET BUSINESSNAME ="" CONSTRAINT ="" DATABASETYPE ="Microsoft SQL Server" DESCRIPTION ="" NAME ="STG_EMP_DATA" OBJECTVERSION ="1" TABLEOPTIONS ="" VERSIONNUMBER ="1">
        <TARGETFIELD BUSINESSNAME ="" DATATYPE ="varchar" DESCRIPTION ="" FIELDNUMBER ="1" KEYTYPE ="PRIMARY KEY" NAME ="EMP_CD" NULLABLE ="NOTNULL" PICTURETEXT ="" PRECISION ="9" SCALE ="0"/>
        <TARGETFIELD BUSINESSNAME ="" DATATYPE ="varchar" DESCRIPTION ="" FIELDNUMBER ="2" KEYTYPE ="NOT A KEY" NAME ="RETAIL_CD" NULLABLE ="NOTNULL" PICTURETEXT ="" PRECISION ="10" SCALE ="0"/>
        <TARGETFIELD BUSINESSNAME ="" DATATYPE ="varchar" DESCRIPTION ="" FIELDNUMBER ="3" KEYTYPE ="NOT A KEY" NAME ="EMP_NAME" NULLABLE ="NOTNULL" PICTURETEXT ="" PRECISION ="23" SCALE ="0"/>
        <TARGETFIELD BUSINESSNAME ="" DATATYPE ="varchar" DESCRIPTION ="" FIELDNUMBER ="4" KEYTYPE ="NOT A KEY" NAME ="EMP_GENDER" NULLABLE ="NOTNULL" PICTURETEXT ="" PRECISION ="1" SCALE ="0"/>
        <TARGETFIELD BUSINESSNAME ="" DATATYPE ="datetime" DESCRIPTION ="" FIELDNUMBER ="5" KEYTYPE ="NOT A KEY" NAME ="EMP_DOB" NULLABLE ="NOTNULL" PICTURETEXT ="" PRECISION ="23" SCALE ="3"/>
        <TARGETFIELD BUSINESSNAME ="" DATATYPE ="varchar" DESCRIPTION ="" FIELDNUMBER ="6" KEYTYPE ="NOT A KEY" NAME ="EMP_ADDRESS" NULLABLE ="NOTNULL" PICTURETEXT ="" PRECISION ="100" SCALE ="0"/>
    </TARGET>
    <MAPPING DESCRIPTION ="" ISVALID ="YES" NAME ="m_emp_data" OBJECTVERSION ="1" VERSIONNUMBER ="1">
        <TRANSFORMATION DESCRIPTION ="" NAME ="SQ_ff_emp_data1" OBJECTVERSION ="1" REUSABLE ="NO" TYPE ="Source Qualifier" VERSIONNUMBER ="1">
            <TRANSFORMFIELD DATATYPE ="string" DEFAULTVALUE ="" DESCRIPTION ="" NAME ="EMP_CD" PICTURETEXT ="" PORTTYPE ="INPUT/OUTPUT" PRECISION ="9" SCALE ="0"/>
            <TRANSFORMFIELD DATATYPE ="string" DEFAULTVALUE ="" DESCRIPTION ="" NAME ="RETAIL_CD" PICTURETEXT ="" PORTTYPE ="INPUT/OUTPUT" PRECISION ="10" SCALE ="0"/>
            <TRANSFORMFIELD DATATYPE ="string" DEFAULTVALUE ="" DESCRIPTION ="" NAME ="EMP_NAME" PICTURETEXT ="" PORTTYPE ="INPUT/OUTPUT" PRECISION ="23" SCALE ="0"/>
            <TRANSFORMFIELD DATATYPE ="string" DEFAULTVALUE ="" DESCRIPTION ="" NAME ="EMP_GENDER" PICTURETEXT ="" PORTTYPE ="INPUT/OUTPUT" PRECISION ="1" SCALE ="0"/>
            <TRANSFORMFIELD DATATYPE ="date/time" DEFAULTVALUE ="" DESCRIPTION ="" NAME ="EMP_DOB" PICTURETEXT ="" PORTTYPE ="INPUT/OUTPUT" PRECISION ="29" SCALE ="9"/>
            <TRANSFORMFIELD DATATYPE ="string" DEFAULTVALUE ="" DESCRIPTION ="" NAME ="EMP_ADDRESS" PICTURETEXT ="" PORTTYPE ="INPUT/OUTPUT" PRECISION ="20" SCALE ="0"/>
            <TABLEATTRIBUTE NAME ="Sql Query" VALUE =""/>
            <TABLEATTRIBUTE NAME ="User Defined Join" VALUE =""/>
            <TABLEATTRIBUTE NAME ="Source Filter" VALUE =""/>
            <TABLEATTRIBUTE NAME ="Number Of Sorted Ports" VALUE ="0"/>
            <TABLEATTRIBUTE NAME ="Tracing Level" VALUE ="Normal"/>
            <TABLEATTRIBUTE NAME ="Select Distinct" VALUE ="NO"/>
            <TABLEATTRIBUTE NAME ="Is Partitionable" VALUE ="NO"/>
            <TABLEATTRIBUTE NAME ="Pre SQL" VALUE =""/>
            <TABLEATTRIBUTE NAME ="Post SQL" VALUE =""/>
            <TABLEATTRIBUTE NAME ="Output is deterministic" VALUE ="NO"/>
            <TABLEATTRIBUTE NAME ="Output is repeatable" VALUE ="Never"/>
        </TRANSFORMATION>
        <TRANSFORMATION DESCRIPTION ="" NAME ="exp_date" OBJECTVERSION ="1" REUSABLE ="NO" TYPE ="Expression" VERSIONNUMBER ="1">
            <TRANSFORMFIELD DATATYPE ="string" DEFAULTVALUE ="" DESCRIPTION ="" EXPRESSION ="EMP_CD" EXPRESSIONTYPE ="GENERAL" NAME ="EMP_CD" PICTURETEXT ="" PORTTYPE ="INPUT/OUTPUT" PRECISION ="9" SCALE ="0"/>
            <TRANSFORMFIELD DATATYPE ="string" DEFAULTVALUE ="" DESCRIPTION ="" EXPRESSION ="RETAIL_CD" EXPRESSIONTYPE ="GENERAL" NAME ="RETAIL_CD" PICTURETEXT ="" PORTTYPE ="INPUT/OUTPUT" PRECISION ="10" SCALE ="0"/>
            <TRANSFORMFIELD DATATYPE ="string" DEFAULTVALUE ="" DESCRIPTION ="" EXPRESSION ="EMP_NAME" EXPRESSIONTYPE ="GENERAL" NAME ="EMP_NAME" PICTURETEXT ="" PORTTYPE ="INPUT/OUTPUT" PRECISION ="23" SCALE ="0"/>
            <TRANSFORMFIELD DATATYPE ="string" DEFAULTVALUE ="" DESCRIPTION ="" EXPRESSION ="EMP_GENDER" EXPRESSIONTYPE ="GENERAL" NAME ="EMP_GENDER" PICTURETEXT ="" PORTTYPE ="INPUT/OUTPUT" PRECISION ="1" SCALE ="0"/>
            <TRANSFORMFIELD DATATYPE ="date/time" DEFAULTVALUE ="" DESCRIPTION ="" NAME ="EMP_DOB" PICTURETEXT ="" PORTTYPE ="INPUT" PRECISION ="29" SCALE ="9"/>
            <TRANSFORMFIELD DATATYPE ="date/time" DEFAULTVALUE ="ERROR(&apos;transformation error&apos;)" DESCRIPTION ="" EXPRESSION ="TO_DATE(TO_CHAR(EMP_DOB, &apos;DD/MM/YYYY&apos;), &apos;DD/MM/YYYY&apos;)" EXPRESSIONTYPE ="GENERAL" NAME ="O_EMP_DATE" PICTURETEXT ="" PORTTYPE ="OUTPUT" PRECISION ="29" SCALE ="9"/>
            <TRANSFORMFIELD DATATYPE ="string" DEFAULTVALUE ="" DESCRIPTION ="" EXPRESSION ="EMP_ADDRESS" EXPRESSIONTYPE ="GENERAL" NAME ="EMP_ADDRESS" PICTURETEXT ="" PORTTYPE ="INPUT/OUTPUT" PRECISION ="20" SCALE ="0"/>
            <TABLEATTRIBUTE NAME ="Tracing Level" VALUE ="Normal"/>
        </TRANSFORMATION>
        <INSTANCE DESCRIPTION ="" NAME ="STG_EMP_DATA" TRANSFORMATION_NAME ="STG_EMP_DATA" TRANSFORMATION_TYPE ="Target Definition" TYPE ="TARGET"/>
        <INSTANCE DBDNAME ="FlatFile" DESCRIPTION ="" NAME ="ff_emp_data1" TRANSFORMATION_NAME ="ff_emp_data1" TRANSFORMATION_TYPE ="Source Definition" TYPE ="SOURCE"/>
        <INSTANCE DESCRIPTION ="" NAME ="SQ_ff_emp_data1" REUSABLE ="NO" TRANSFORMATION_NAME ="SQ_ff_emp_data1" TRANSFORMATION_TYPE ="Source Qualifier" TYPE ="TRANSFORMATION">
            <ASSOCIATED_SOURCE_INSTANCE NAME ="ff_emp_data1"/>
        </INSTANCE>
        <INSTANCE DESCRIPTION ="" NAME ="exp_date" REUSABLE ="NO" TRANSFORMATION_NAME ="exp_date" TRANSFORMATION_TYPE ="Expression" TYPE ="TRANSFORMATION"/>
        <CONNECTOR FROMFIELD ="EMP_CD" FROMINSTANCE ="exp_date" FROMINSTANCETYPE ="Expression" TOFIELD ="EMP_CD" TOINSTANCE ="STG_EMP_DATA" TOINSTANCETYPE ="Target Definition"/>
        <CONNECTOR FROMFIELD ="RETAIL_CD" FROMINSTANCE ="exp_date" FROMINSTANCETYPE ="Expression" TOFIELD ="RETAIL_CD" TOINSTANCE ="STG_EMP_DATA" TOINSTANCETYPE ="Target Definition"/>
        <CONNECTOR FROMFIELD ="EMP_NAME" FROMINSTANCE ="exp_date" FROMINSTANCETYPE ="Expression" TOFIELD ="EMP_NAME" TOINSTANCE ="STG_EMP_DATA" TOINSTANCETYPE ="Target Definition"/>
        <CONNECTOR FROMFIELD ="EMP_GENDER" FROMINSTANCE ="exp_date" FROMINSTANCETYPE ="Expression" TOFIELD ="EMP_GENDER" TOINSTANCE ="STG_EMP_DATA" TOINSTANCETYPE ="Target Definition"/>
        <CONNECTOR FROMFIELD ="O_EMP_DATE" FROMINSTANCE ="exp_date" FROMINSTANCETYPE ="Expression" TOFIELD ="EMP_DOB" TOINSTANCE ="STG_EMP_DATA" TOINSTANCETYPE ="Target Definition"/>
        <CONNECTOR FROMFIELD ="EMP_ADDRESS" FROMINSTANCE ="exp_date" FROMINSTANCETYPE ="Expression" TOFIELD ="EMP_ADDRESS" TOINSTANCE ="STG_EMP_DATA" TOINSTANCETYPE ="Target Definition"/>
        <CONNECTOR FROMFIELD ="EMP_CD" FROMINSTANCE ="ff_emp_data1" FROMINSTANCETYPE ="Source Definition" TOFIELD ="EMP_CD" TOINSTANCE ="SQ_ff_emp_data1" TOINSTANCETYPE ="Source Qualifier"/>
        <CONNECTOR FROMFIELD ="RETAIL_CD" FROMINSTANCE ="ff_emp_data1" FROMINSTANCETYPE ="Source Definition" TOFIELD ="RETAIL_CD" TOINSTANCE ="SQ_ff_emp_data1" TOINSTANCETYPE ="Source Qualifier"/>
        <CONNECTOR FROMFIELD ="EMP_NAME" FROMINSTANCE ="ff_emp_data1" FROMINSTANCETYPE ="Source Definition" TOFIELD ="EMP_NAME" TOINSTANCE ="SQ_ff_emp_data1" TOINSTANCETYPE ="Source Qualifier"/>
        <CONNECTOR FROMFIELD ="EMP_GENDER" FROMINSTANCE ="ff_emp_data1" FROMINSTANCETYPE ="Source Definition" TOFIELD ="EMP_GENDER" TOINSTANCE ="SQ_ff_emp_data1" TOINSTANCETYPE ="Source Qualifier"/>
        <CONNECTOR FROMFIELD ="EMP_DOB" FROMINSTANCE ="ff_emp_data1" FROMINSTANCETYPE ="Source Definition" TOFIELD ="EMP_DOB" TOINSTANCE ="SQ_ff_emp_data1" TOINSTANCETYPE ="Source Qualifier"/>
        <CONNECTOR FROMFIELD ="EMP_ADDRESS" FROMINSTANCE ="ff_emp_data1" FROMINSTANCETYPE ="Source Definition" TOFIELD ="EMP_ADDRESS" TOINSTANCE ="SQ_ff_emp_data1" TOINSTANCETYPE ="Source Qualifier"/>
        <CONNECTOR FROMFIELD ="EMP_CD" FROMINSTANCE ="SQ_ff_emp_data1" FROMINSTANCETYPE ="Source Qualifier" TOFIELD ="EMP_CD" TOINSTANCE ="exp_date" TOINSTANCETYPE ="Expression"/>
        <CONNECTOR FROMFIELD ="RETAIL_CD" FROMINSTANCE ="SQ_ff_emp_data1" FROMINSTANCETYPE ="Source Qualifier" TOFIELD ="RETAIL_CD" TOINSTANCE ="exp_date" TOINSTANCETYPE ="Expression"/>
        <CONNECTOR FROMFIELD ="EMP_NAME" FROMINSTANCE ="SQ_ff_emp_data1" FROMINSTANCETYPE ="Source Qualifier" TOFIELD ="EMP_NAME" TOINSTANCE ="exp_date" TOINSTANCETYPE ="Expression"/>
        <CONNECTOR FROMFIELD ="EMP_GENDER" FROMINSTANCE ="SQ_ff_emp_data1" FROMINSTANCETYPE ="Source Qualifier" TOFIELD ="EMP_GENDER" TOINSTANCE ="exp_date" TOINSTANCETYPE ="Expression"/>
        <CONNECTOR FROMFIELD ="EMP_DOB" FROMINSTANCE ="SQ_ff_emp_data1" FROMINSTANCETYPE ="Source Qualifier" TOFIELD ="EMP_DOB" TOINSTANCE ="exp_date" TOINSTANCETYPE ="Expression"/>
        <CONNECTOR FROMFIELD ="EMP_ADDRESS" FROMINSTANCE ="SQ_ff_emp_data1" FROMINSTANCETYPE ="Source Qualifier" TOFIELD ="EMP_ADDRESS" TOINSTANCE ="exp_date" TOINSTANCETYPE ="Expression"/>
        <TARGETLOADORDER ORDER ="1" TARGETINSTANCE ="STG_EMP_DATA"/>
        <ERPINFO/>
    </MAPPING>
</FOLDER>
</REPOSITORY>
</POWERMART>