<?xml version="1.0" encoding="Windows-1252"?>
<!DOCTYPE POWERMART SYSTEM "powrmart.dtd">
<POWERMART CREATION_DATE="11/28/2024 12:53:49" REPOSITORY_VERSION="187.96">
<REPOSITORY NAME="INFA_DEV_REP" VERSION="187" CODEPAGE="MS1252" DATABASETYPE="Microsoft SQL Server">
<FOLDER NAME="DEV_PRACTICE" GROUP="" OWNER="Administrator" SHARED="NOTSHARED" DESCRIPTION="" PERMISSIONS="rwx---r--" UUID="0aa9f3aa-4ace-4461-a3b1-161b8654cb54">
    <SOURCE BUSINESSNAME ="" DATABASETYPE ="Microsoft SQL Server" DBDNAME ="inf_ss_hr" DESCRIPTION ="" NAME ="DIM_ORDER" OBJECTVERSION ="1" OWNERNAME ="dbo" VERSIONNUMBER ="1">
        <SOURCEFIELD BUSINESSNAME ="" DATATYPE ="int" DESCRIPTION ="" FIELDNUMBER ="1" FIELDPROPERTY ="0" FIELDTYPE ="ELEMITEM" HIDDEN ="NO" KEYTYPE ="PRIMARY KEY" LENGTH ="11" LEVEL ="0" NAME ="ORDER_ID" NULLABLE ="NOTNULL" OCCURS ="0" OFFSET ="0" PHYSICALLENGTH ="10" PHYSICALOFFSET ="0" PICTURETEXT ="" PRECISION ="10" SCALE ="0" USAGE_FLAGS =""/>
        <SOURCEFIELD BUSINESSNAME ="" DATATYPE ="varchar" DESCRIPTION ="" FIELDNUMBER ="2" FIELDPROPERTY ="0" FIELDTYPE ="ELEMITEM" HIDDEN ="NO" KEYTYPE ="NOT A KEY" LENGTH ="0" LEVEL ="0" NAME ="ORDER_CD" NULLABLE ="NOTNULL" OCCURS ="0" OFFSET ="11" PHYSICALLENGTH ="100" PHYSICALOFFSET ="10" PICTURETEXT ="" PRECISION ="100" SCALE ="0" USAGE_FLAGS =""/>
        <SOURCEFIELD BUSINESSNAME ="" DATATYPE ="datetime" DESCRIPTION ="" FIELDNUMBER ="3" FIELDPROPERTY ="0" FIELDTYPE ="ELEMITEM" HIDDEN ="NO" KEYTYPE ="NOT A KEY" LENGTH ="19" LEVEL ="0" NAME ="create_date" NULLABLE ="NULL" OCCURS ="0" OFFSET ="11" PHYSICALLENGTH ="23" PHYSICALOFFSET ="110" PICTURETEXT ="" PRECISION ="23" SCALE ="3" USAGE_FLAGS =""/>
        <SOURCEFIELD BUSINESSNAME ="" DATATYPE ="datetime" DESCRIPTION ="" FIELDNUMBER ="4" FIELDPROPERTY ="0" FIELDTYPE ="ELEMITEM" HIDDEN ="NO" KEYTYPE ="NOT A KEY" LENGTH ="19" LEVEL ="0" NAME ="update_date" NULLABLE ="NULL" OCCURS ="0" OFFSET ="30" PHYSICALLENGTH ="23" PHYSICALOFFSET ="133" PICTURETEXT ="" PRECISION ="23" SCALE ="3" USAGE_FLAGS =""/>
    </SOURCE>
    <TARGET BUSINESSNAME ="" CONSTRAINT ="" DATABASETYPE ="Microsoft SQL Server" DESCRIPTION ="" NAME ="FACT_SALES" OBJECTVERSION ="1" TABLEOPTIONS ="" VERSIONNUMBER ="1">
        <TARGETFIELD BUSINESSNAME ="" DATATYPE ="int" DESCRIPTION ="" FIELDNUMBER ="1" KEYTYPE ="PRIMARY KEY" NAME ="SALES_ID" NULLABLE ="NOTNULL" PICTURETEXT ="" PRECISION ="10" SCALE ="0"/>
        <TARGETFIELD BUSINESSNAME ="" DATATYPE ="int" DESCRIPTION ="" FIELDNUMBER ="2" KEYTYPE ="NOT A KEY" NAME ="ORDER_ID" NULLABLE ="NOTNULL" PICTURETEXT ="" PRECISION ="10" SCALE ="0"/>
        <TARGETFIELD BUSINESSNAME ="" DATATYPE ="int" DESCRIPTION ="" FIELDNUMBER ="3" KEYTYPE ="NOT A KEY" NAME ="EMP_ID" NULLABLE ="NOTNULL" PICTURETEXT ="" PRECISION ="10" SCALE ="0"/>
        <TARGETFIELD BUSINESSNAME ="" DATATYPE ="int" DESCRIPTION ="" FIELDNUMBER ="4" KEYTYPE ="NOT A KEY" NAME ="RETAILER_ID" NULLABLE ="NOTNULL" PICTURETEXT ="" PRECISION ="10" SCALE ="0"/>
        <TARGETFIELD BUSINESSNAME ="" DATATYPE ="int" DESCRIPTION ="" FIELDNUMBER ="5" KEYTYPE ="NOT A KEY" NAME ="PRODUCT_ID" NULLABLE ="NOTNULL" PICTURETEXT ="" PRECISION ="10" SCALE ="0"/>
        <TARGETFIELD BUSINESSNAME ="" DATATYPE ="int" DESCRIPTION ="" FIELDNUMBER ="6" KEYTYPE ="NOT A KEY" NAME ="CUSTOMER_ID" NULLABLE ="NOTNULL" PICTURETEXT ="" PRECISION ="10" SCALE ="0"/>
        <TARGETFIELD BUSINESSNAME ="" DATATYPE ="int" DESCRIPTION ="" FIELDNUMBER ="7" KEYTYPE ="NOT A KEY" NAME ="SALES_DATE_ID" NULLABLE ="NOTNULL" PICTURETEXT ="" PRECISION ="10" SCALE ="0"/>
        <TARGETFIELD BUSINESSNAME ="" DATATYPE ="int" DESCRIPTION ="" FIELDNUMBER ="8" KEYTYPE ="NOT A KEY" NAME ="SALES_QUANTITY" NULLABLE ="NOTNULL" PICTURETEXT ="" PRECISION ="10" SCALE ="0"/>
        <TARGETFIELD BUSINESSNAME ="" DATATYPE ="decimal" DESCRIPTION ="" FIELDNUMBER ="9" KEYTYPE ="NOT A KEY" NAME ="SALES_VALUE" NULLABLE ="NOTNULL" PICTURETEXT ="" PRECISION ="12" SCALE ="0"/>
        <TARGETFIELD BUSINESSNAME ="" DATATYPE ="datetime" DESCRIPTION ="" FIELDNUMBER ="10" KEYTYPE ="NOT A KEY" NAME ="create_date" NULLABLE ="NULL" PICTURETEXT ="" PRECISION ="23" SCALE ="3"/>
        <TARGETFIELD BUSINESSNAME ="" DATATYPE ="datetime" DESCRIPTION ="" FIELDNUMBER ="11" KEYTYPE ="NOT A KEY" NAME ="update_date" NULLABLE ="NULL" PICTURETEXT ="" PRECISION ="23" SCALE ="3"/>
    </TARGET>
    <MAPPING DESCRIPTION ="" ISVALID ="YES" NAME ="m_fact1" OBJECTVERSION ="1" VERSIONNUMBER ="1">
        <TRANSFORMATION DESCRIPTION ="" NAME ="SQ_DIM_ORDER" OBJECTVERSION ="1" REUSABLE ="NO" TYPE ="Source Qualifier" VERSIONNUMBER ="1">
            <TRANSFORMFIELD DATATYPE ="integer" DEFAULTVALUE ="" DESCRIPTION ="" NAME ="ORDER_ID" PICTURETEXT ="" PORTTYPE ="INPUT/OUTPUT" PRECISION ="10" SCALE ="0"/>
            <TRANSFORMFIELD DATATYPE ="string" DEFAULTVALUE ="" DESCRIPTION ="" NAME ="ORDER_CD" PICTURETEXT ="" PORTTYPE ="INPUT/OUTPUT" PRECISION ="100" SCALE ="0"/>
            <TRANSFORMFIELD DATATYPE ="date/time" DEFAULTVALUE ="" DESCRIPTION ="" NAME ="create_date" PICTURETEXT ="" PORTTYPE ="INPUT/OUTPUT" PRECISION ="29" SCALE ="9"/>
            <TRANSFORMFIELD DATATYPE ="date/time" DEFAULTVALUE ="" DESCRIPTION ="" NAME ="update_date" PICTURETEXT ="" PORTTYPE ="INPUT/OUTPUT" PRECISION ="29" SCALE ="9"/>
            <TABLEATTRIBUTE NAME ="Sql Query" VALUE =""/>
            <TABLEATTRIBUTE NAME ="User Defined Join" VALUE =""/>
            <TABLEATTRIBUTE NAME ="Source Filter" VALUE =""/>
            <TABLEATTRIBUTE NAME ="Number Of Sorted Ports" VALUE ="0"/>
            <TABLEATTRIBUTE NAME ="Tracing Level" VALUE ="Normal"/>
            <TABLEATTRIBUTE NAME ="Select Distinct" VALUE ="NO"/>
            <TABLEATTRIBUTE NAME ="Is Partitionable" VALUE ="NO"/>
            <TABLEATTRIBUTE NAME ="Pre SQL" VALUE =""/>
            <TABLEATTRIBUTE NAME ="Post SQL" VALUE =""/>
            <TABLEATTRIBUTE NAME ="Output is deterministic" VALUE ="NO"/>
            <TABLEATTRIBUTE NAME ="Output is repeatable" VALUE ="Never"/>
        </TRANSFORMATION>
        <TRANSFORMATION DESCRIPTION ="" NAME ="lkp_1" OBJECTVERSION ="1" REUSABLE ="NO" TYPE ="Lookup Procedure" VERSIONNUMBER ="1">
            <TRANSFORMFIELD DATATYPE ="string" DEFAULTVALUE ="" DESCRIPTION ="" NAME ="ORDER_CD" PICTURETEXT ="" PORTTYPE ="INPUT/OUTPUT" PRECISION ="100" SCALE ="0"/>
            <TRANSFORMFIELD DATATYPE ="string" DEFAULTVALUE ="" DESCRIPTION ="" NAME ="ORDER_ID" PICTURETEXT ="" PORTTYPE ="LOOKUP/OUTPUT" PRECISION ="100" SCALE ="0"/>
            <TRANSFORMFIELD DATATYPE ="date/time" DEFAULTVALUE ="" DESCRIPTION ="" NAME ="ORDER_DATE" PICTURETEXT ="" PORTTYPE ="LOOKUP/OUTPUT" PRECISION ="29" SCALE ="9"/>
            <TRANSFORMFIELD DATATYPE ="string" DEFAULTVALUE ="" DESCRIPTION ="" NAME ="PROD_CD" PICTURETEXT ="" PORTTYPE ="LOOKUP/OUTPUT" PRECISION ="100" SCALE ="0"/>
            <TRANSFORMFIELD DATATYPE ="string" DEFAULTVALUE ="" DESCRIPTION ="" NAME ="EMP_CD" PICTURETEXT ="" PORTTYPE ="LOOKUP/OUTPUT" PRECISION ="100" SCALE ="0"/>
            <TRANSFORMFIELD DATATYPE ="string" DEFAULTVALUE ="" DESCRIPTION ="" NAME ="RETAIL_CD" PICTURETEXT ="" PORTTYPE ="LOOKUP/OUTPUT" PRECISION ="100" SCALE ="0"/>
            <TRANSFORMFIELD DATATYPE ="string" DEFAULTVALUE ="" DESCRIPTION ="" NAME ="CUST_CD" PICTURETEXT ="" PORTTYPE ="LOOKUP/OUTPUT" PRECISION ="100" SCALE ="0"/>
            <TRANSFORMFIELD DATATYPE ="integer" DEFAULTVALUE ="" DESCRIPTION ="" NAME ="QUANTITY" PICTURETEXT ="" PORTTYPE ="LOOKUP/OUTPUT" PRECISION ="10" SCALE ="0"/>
            <TRANSFORMFIELD DATATYPE ="decimal" DEFAULTVALUE ="" DESCRIPTION ="" NAME ="AMOUNT_PAID" PICTURETEXT ="" PORTTYPE ="LOOKUP/OUTPUT" PRECISION ="12" SCALE ="2"/>
            <TRANSFORMFIELD DATATYPE ="integer" DEFAULTVALUE ="" DESCRIPTION ="" NAME ="ORDER_ID1" PICTURETEXT ="" PORTTYPE ="INPUT/OUTPUT" PRECISION ="10" SCALE ="0"/>
            <TABLEATTRIBUTE NAME ="Lookup Sql Override" VALUE =""/>
            <TABLEATTRIBUTE NAME ="Lookup table name" VALUE ="STG_SALES_"/>
            <TABLEATTRIBUTE NAME ="Lookup Source Filter" VALUE =""/>
            <TABLEATTRIBUTE NAME ="Lookup caching enabled" VALUE ="YES"/>
            <TABLEATTRIBUTE NAME ="Lookup policy on multiple match" VALUE ="Use Any Value"/>
            <TABLEATTRIBUTE NAME ="Lookup condition" VALUE ="ORDER_ID = ORDER_CD"/>
            <TABLEATTRIBUTE NAME ="Connection Information" VALUE ="$Source"/>
            <TABLEATTRIBUTE NAME ="Source Type" VALUE ="Database"/>
            <TABLEATTRIBUTE NAME ="Recache if Stale" VALUE ="NO"/>
            <TABLEATTRIBUTE NAME ="Tracing Level" VALUE ="Normal"/>
            <TABLEATTRIBUTE NAME ="Lookup cache directory name" VALUE ="$PMCacheDir"/>
            <TABLEATTRIBUTE NAME ="Lookup cache initialize" VALUE ="NO"/>
            <TABLEATTRIBUTE NAME ="Lookup cache persistent" VALUE ="NO"/>
            <TABLEATTRIBUTE NAME ="Lookup Data Cache Size" VALUE ="Auto"/>
            <TABLEATTRIBUTE NAME ="Lookup Index Cache Size" VALUE ="Auto"/>
            <TABLEATTRIBUTE NAME ="Dynamic Lookup Cache" VALUE ="NO"/>
            <TABLEATTRIBUTE NAME ="Synchronize Dynamic Cache" VALUE ="NO"/>
            <TABLEATTRIBUTE NAME ="Output Old Value On Update" VALUE ="NO"/>
            <TABLEATTRIBUTE NAME ="Update Dynamic Cache Condition" VALUE ="TRUE"/>
            <TABLEATTRIBUTE NAME ="Cache File Name Prefix" VALUE =""/>
            <TABLEATTRIBUTE NAME ="Re-cache from lookup source" VALUE ="NO"/>
            <TABLEATTRIBUTE NAME ="Insert Else Update" VALUE ="NO"/>
            <TABLEATTRIBUTE NAME ="Update Else Insert" VALUE ="NO"/>
            <TABLEATTRIBUTE NAME ="Datetime Format" VALUE =""/>
            <TABLEATTRIBUTE NAME ="Thousand Separator" VALUE ="None"/>
            <TABLEATTRIBUTE NAME ="Decimal Separator" VALUE ="."/>
            <TABLEATTRIBUTE NAME ="Case Sensitive String Comparison" VALUE ="NO"/>
            <TABLEATTRIBUTE NAME ="Null ordering" VALUE ="Null Is Highest Value"/>
            <TABLEATTRIBUTE NAME ="Sorted Input" VALUE ="NO"/>
            <TABLEATTRIBUTE NAME ="Lookup source is static" VALUE ="NO"/>
            <TABLEATTRIBUTE NAME ="Pre-build lookup cache" VALUE ="Auto"/>
            <TABLEATTRIBUTE NAME ="Subsecond Precision" VALUE ="6"/>
        </TRANSFORMATION>
        <TRANSFORMATION DESCRIPTION ="" NAME ="lkp_2" OBJECTVERSION ="1" REUSABLE ="NO" TYPE ="Lookup Procedure" VERSIONNUMBER ="1">
            <TRANSFORMFIELD DATATYPE ="integer" DEFAULTVALUE ="" DESCRIPTION ="" NAME ="CUST_ID" PICTURETEXT ="" PORTTYPE ="LOOKUP/OUTPUT" PRECISION ="10" SCALE ="0"/>
            <TRANSFORMFIELD DATATYPE ="string" DEFAULTVALUE ="" DESCRIPTION ="" NAME ="CUST_NAME" PICTURETEXT ="" PORTTYPE ="LOOKUP/OUTPUT" PRECISION ="100" SCALE ="0"/>
            <TRANSFORMFIELD DATATYPE ="string" DEFAULTVALUE ="" DESCRIPTION ="" NAME ="CUSR_ADDRESS" PICTURETEXT ="" PORTTYPE ="LOOKUP/OUTPUT" PRECISION ="100" SCALE ="0"/>
            <TRANSFORMFIELD DATATYPE ="string" DEFAULTVALUE ="" DESCRIPTION ="" NAME ="CUST_MOB" PICTURETEXT ="" PORTTYPE ="LOOKUP/OUTPUT" PRECISION ="100" SCALE ="0"/>
            <TRANSFORMFIELD DATATYPE ="string" DEFAULTVALUE ="" DESCRIPTION ="" NAME ="CUST_EMAIL" PICTURETEXT ="" PORTTYPE ="LOOKUP/OUTPUT" PRECISION ="100" SCALE ="0"/>
            <TRANSFORMFIELD DATATYPE ="date/time" DEFAULTVALUE ="" DESCRIPTION ="" NAME ="create_date" PICTURETEXT ="" PORTTYPE ="LOOKUP/OUTPUT" PRECISION ="29" SCALE ="9"/>
            <TRANSFORMFIELD DATATYPE ="date/time" DEFAULTVALUE ="" DESCRIPTION ="" NAME ="update_date" PICTURETEXT ="" PORTTYPE ="LOOKUP/OUTPUT" PRECISION ="29" SCALE ="9"/>
            <TRANSFORMFIELD DATATYPE ="string" DEFAULTVALUE ="" DESCRIPTION ="" NAME ="CUST_CD" PICTURETEXT ="" PORTTYPE ="INPUT/OUTPUT" PRECISION ="100" SCALE ="0"/>
            <TRANSFORMFIELD DATATYPE ="integer" DEFAULTVALUE ="" DESCRIPTION ="" NAME ="QUANTITY" PICTURETEXT ="" PORTTYPE ="INPUT/OUTPUT" PRECISION ="10" SCALE ="0"/>
            <TRANSFORMFIELD DATATYPE ="decimal" DEFAULTVALUE ="" DESCRIPTION ="" NAME ="AMOUNT_PAID" PICTURETEXT ="" PORTTYPE ="INPUT/OUTPUT" PRECISION ="12" SCALE ="2"/>
            <TRANSFORMFIELD DATATYPE ="integer" DEFAULTVALUE ="" DESCRIPTION ="" NAME ="ORDER_ID1" PICTURETEXT ="" PORTTYPE ="INPUT/OUTPUT" PRECISION ="10" SCALE ="0"/>
            <TRANSFORMFIELD DATATYPE ="string" DEFAULTVALUE ="" DESCRIPTION ="" NAME ="EMP_CD" PICTURETEXT ="" PORTTYPE ="INPUT/OUTPUT" PRECISION ="100" SCALE ="0"/>
            <TRANSFORMFIELD DATATYPE ="string" DEFAULTVALUE ="" DESCRIPTION ="" NAME ="RETAIL_CD" PICTURETEXT ="" PORTTYPE ="INPUT/OUTPUT" PRECISION ="100" SCALE ="0"/>
            <TRANSFORMFIELD DATATYPE ="string" DEFAULTVALUE ="" DESCRIPTION ="" NAME ="PROD_CD" PICTURETEXT ="" PORTTYPE ="INPUT/OUTPUT" PRECISION ="100" SCALE ="0"/>
            <TRANSFORMFIELD DATATYPE ="date/time" DEFAULTVALUE ="" DESCRIPTION ="" NAME ="ORDER_DATE" PICTURETEXT ="" PORTTYPE ="INPUT/OUTPUT" PRECISION ="29" SCALE ="9"/>
            <TABLEATTRIBUTE NAME ="Lookup Sql Override" VALUE =""/>
            <TABLEATTRIBUTE NAME ="Lookup table name" VALUE ="DIM_CUSTOMER"/>
            <TABLEATTRIBUTE NAME ="Lookup Source Filter" VALUE =""/>
            <TABLEATTRIBUTE NAME ="Lookup caching enabled" VALUE ="YES"/>
            <TABLEATTRIBUTE NAME ="Lookup policy on multiple match" VALUE ="Use Any Value"/>
            <TABLEATTRIBUTE NAME ="Lookup condition" VALUE ="CUST_NAME = CUST_CD"/>
            <TABLEATTRIBUTE NAME ="Connection Information" VALUE ="$Source"/>
            <TABLEATTRIBUTE NAME ="Source Type" VALUE ="Database"/>
            <TABLEATTRIBUTE NAME ="Recache if Stale" VALUE ="NO"/>
            <TABLEATTRIBUTE NAME ="Tracing Level" VALUE ="Normal"/>
            <TABLEATTRIBUTE NAME ="Lookup cache directory name" VALUE ="$PMCacheDir"/>
            <TABLEATTRIBUTE NAME ="Lookup cache initialize" VALUE ="NO"/>
            <TABLEATTRIBUTE NAME ="Lookup cache persistent" VALUE ="NO"/>
            <TABLEATTRIBUTE NAME ="Lookup Data Cache Size" VALUE ="Auto"/>
            <TABLEATTRIBUTE NAME ="Lookup Index Cache Size" VALUE ="Auto"/>
            <TABLEATTRIBUTE NAME ="Dynamic Lookup Cache" VALUE ="NO"/>
            <TABLEATTRIBUTE NAME ="Synchronize Dynamic Cache" VALUE ="NO"/>
            <TABLEATTRIBUTE NAME ="Output Old Value On Update" VALUE ="NO"/>
            <TABLEATTRIBUTE NAME ="Update Dynamic Cache Condition" VALUE ="TRUE"/>
            <TABLEATTRIBUTE NAME ="Cache File Name Prefix" VALUE =""/>
            <TABLEATTRIBUTE NAME ="Re-cache from lookup source" VALUE ="NO"/>
            <TABLEATTRIBUTE NAME ="Insert Else Update" VALUE ="NO"/>
            <TABLEATTRIBUTE NAME ="Update Else Insert" VALUE ="NO"/>
            <TABLEATTRIBUTE NAME ="Datetime Format" VALUE =""/>
            <TABLEATTRIBUTE NAME ="Thousand Separator" VALUE ="None"/>
            <TABLEATTRIBUTE NAME ="Decimal Separator" VALUE ="."/>
            <TABLEATTRIBUTE NAME ="Case Sensitive String Comparison" VALUE ="NO"/>
            <TABLEATTRIBUTE NAME ="Null ordering" VALUE ="Null Is Highest Value"/>
            <TABLEATTRIBUTE NAME ="Sorted Input" VALUE ="NO"/>
            <TABLEATTRIBUTE NAME ="Lookup source is static" VALUE ="NO"/>
            <TABLEATTRIBUTE NAME ="Pre-build lookup cache" VALUE ="Auto"/>
            <TABLEATTRIBUTE NAME ="Subsecond Precision" VALUE ="6"/>
        </TRANSFORMATION>
        <TRANSFORMATION DESCRIPTION ="" NAME ="lkp_4" OBJECTVERSION ="1" REUSABLE ="NO" TYPE ="Lookup Procedure" VERSIONNUMBER ="1">
            <TRANSFORMFIELD DATATYPE ="integer" DEFAULTVALUE ="" DESCRIPTION ="" NAME ="PRODUCT_ID" PICTURETEXT ="" PORTTYPE ="LOOKUP/OUTPUT" PRECISION ="10" SCALE ="0"/>
            <TRANSFORMFIELD DATATYPE ="string" DEFAULTVALUE ="" DESCRIPTION ="" NAME ="PRODUCT_CD" PICTURETEXT ="" PORTTYPE ="LOOKUP/OUTPUT" PRECISION ="100" SCALE ="0"/>
            <TRANSFORMFIELD DATATYPE ="string" DEFAULTVALUE ="" DESCRIPTION ="" NAME ="PRODUCT_DESC" PICTURETEXT ="" PORTTYPE ="LOOKUP/OUTPUT" PRECISION ="100" SCALE ="0"/>
            <TRANSFORMFIELD DATATYPE ="decimal" DEFAULTVALUE ="" DESCRIPTION ="" NAME ="PRODUCT_COST" PICTURETEXT ="" PORTTYPE ="LOOKUP/OUTPUT" PRECISION ="12" SCALE ="0"/>
            <TRANSFORMFIELD DATATYPE ="date/time" DEFAULTVALUE ="" DESCRIPTION ="" NAME ="create_date" PICTURETEXT ="" PORTTYPE ="LOOKUP/OUTPUT" PRECISION ="29" SCALE ="9"/>
            <TRANSFORMFIELD DATATYPE ="date/time" DEFAULTVALUE ="" DESCRIPTION ="" NAME ="update_date" PICTURETEXT ="" PORTTYPE ="LOOKUP/OUTPUT" PRECISION ="29" SCALE ="9"/>
            <TRANSFORMFIELD DATATYPE ="integer" DEFAULTVALUE ="" DESCRIPTION ="" NAME ="QUANTITY" PICTURETEXT ="" PORTTYPE ="INPUT/OUTPUT" PRECISION ="10" SCALE ="0"/>
            <TRANSFORMFIELD DATATYPE ="decimal" DEFAULTVALUE ="" DESCRIPTION ="" NAME ="AMOUNT_PAID" PICTURETEXT ="" PORTTYPE ="INPUT/OUTPUT" PRECISION ="12" SCALE ="2"/>
            <TRANSFORMFIELD DATATYPE ="integer" DEFAULTVALUE ="" DESCRIPTION ="" NAME ="ORDER_ID1" PICTURETEXT ="" PORTTYPE ="INPUT/OUTPUT" PRECISION ="10" SCALE ="0"/>
            <TRANSFORMFIELD DATATYPE ="string" DEFAULTVALUE ="" DESCRIPTION ="" NAME ="EMP_CD1" PICTURETEXT ="" PORTTYPE ="INPUT/OUTPUT" PRECISION ="100" SCALE ="0"/>
            <TRANSFORMFIELD DATATYPE ="string" DEFAULTVALUE ="" DESCRIPTION ="" NAME ="RETAIL_CD" PICTURETEXT ="" PORTTYPE ="INPUT/OUTPUT" PRECISION ="100" SCALE ="0"/>
            <TRANSFORMFIELD DATATYPE ="string" DEFAULTVALUE ="" DESCRIPTION ="" NAME ="PROD_CD" PICTURETEXT ="" PORTTYPE ="INPUT/OUTPUT" PRECISION ="100" SCALE ="0"/>
            <TRANSFORMFIELD DATATYPE ="date/time" DEFAULTVALUE ="" DESCRIPTION ="" NAME ="ORDER_DATE" PICTURETEXT ="" PORTTYPE ="INPUT/OUTPUT" PRECISION ="29" SCALE ="9"/>
            <TRANSFORMFIELD DATATYPE ="integer" DEFAULTVALUE ="" DESCRIPTION ="" NAME ="CUST_ID" PICTURETEXT ="" PORTTYPE ="INPUT/OUTPUT" PRECISION ="10" SCALE ="0"/>
            <TRANSFORMFIELD DATATYPE ="integer" DEFAULTVALUE ="" DESCRIPTION ="" NAME ="EMP_ID" PICTURETEXT ="" PORTTYPE ="INPUT/OUTPUT" PRECISION ="10" SCALE ="0"/>
            <TABLEATTRIBUTE NAME ="Lookup Sql Override" VALUE =""/>
            <TABLEATTRIBUTE NAME ="Lookup table name" VALUE ="DIM_PRODUCT"/>
            <TABLEATTRIBUTE NAME ="Lookup Source Filter" VALUE =""/>
            <TABLEATTRIBUTE NAME ="Lookup caching enabled" VALUE ="YES"/>
            <TABLEATTRIBUTE NAME ="Lookup policy on multiple match" VALUE ="Use Any Value"/>
            <TABLEATTRIBUTE NAME ="Lookup condition" VALUE ="PRODUCT_CD = PROD_CD"/>
            <TABLEATTRIBUTE NAME ="Connection Information" VALUE ="$Source"/>
            <TABLEATTRIBUTE NAME ="Source Type" VALUE ="Database"/>
            <TABLEATTRIBUTE NAME ="Recache if Stale" VALUE ="NO"/>
            <TABLEATTRIBUTE NAME ="Tracing Level" VALUE ="Normal"/>
            <TABLEATTRIBUTE NAME ="Lookup cache directory name" VALUE ="$PMCacheDir"/>
            <TABLEATTRIBUTE NAME ="Lookup cache initialize" VALUE ="NO"/>
            <TABLEATTRIBUTE NAME ="Lookup cache persistent" VALUE ="NO"/>
            <TABLEATTRIBUTE NAME ="Lookup Data Cache Size" VALUE ="Auto"/>
            <TABLEATTRIBUTE NAME ="Lookup Index Cache Size" VALUE ="Auto"/>
            <TABLEATTRIBUTE NAME ="Dynamic Lookup Cache" VALUE ="NO"/>
            <TABLEATTRIBUTE NAME ="Synchronize Dynamic Cache" VALUE ="NO"/>
            <TABLEATTRIBUTE NAME ="Output Old Value On Update" VALUE ="NO"/>
            <TABLEATTRIBUTE NAME ="Update Dynamic Cache Condition" VALUE ="TRUE"/>
            <TABLEATTRIBUTE NAME ="Cache File Name Prefix" VALUE =""/>
            <TABLEATTRIBUTE NAME ="Re-cache from lookup source" VALUE ="NO"/>
            <TABLEATTRIBUTE NAME ="Insert Else Update" VALUE ="NO"/>
            <TABLEATTRIBUTE NAME ="Update Else Insert" VALUE ="NO"/>
            <TABLEATTRIBUTE NAME ="Datetime Format" VALUE =""/>
            <TABLEATTRIBUTE NAME ="Thousand Separator" VALUE ="None"/>
            <TABLEATTRIBUTE NAME ="Decimal Separator" VALUE ="."/>
            <TABLEATTRIBUTE NAME ="Case Sensitive String Comparison" VALUE ="NO"/>
            <TABLEATTRIBUTE NAME ="Null ordering" VALUE ="Null Is Highest Value"/>
            <TABLEATTRIBUTE NAME ="Sorted Input" VALUE ="NO"/>
            <TABLEATTRIBUTE NAME ="Lookup source is static" VALUE ="NO"/>
            <TABLEATTRIBUTE NAME ="Pre-build lookup cache" VALUE ="Auto"/>
            <TABLEATTRIBUTE NAME ="Subsecond Precision" VALUE ="6"/>
        </TRANSFORMATION>
        <TRANSFORMATION DESCRIPTION ="" NAME ="lkp_3" OBJECTVERSION ="1" REUSABLE ="NO" TYPE ="Lookup Procedure" VERSIONNUMBER ="1">
            <TRANSFORMFIELD DATATYPE ="integer" DEFAULTVALUE ="" DESCRIPTION ="" NAME ="EMP_ID" PICTURETEXT ="" PORTTYPE ="LOOKUP/OUTPUT" PRECISION ="10" SCALE ="0"/>
            <TRANSFORMFIELD DATATYPE ="string" DEFAULTVALUE ="" DESCRIPTION ="" NAME ="EMP_CD" PICTURETEXT ="" PORTTYPE ="LOOKUP/OUTPUT" PRECISION ="100" SCALE ="0"/>
            <TRANSFORMFIELD DATATYPE ="string" DEFAULTVALUE ="" DESCRIPTION ="" NAME ="EMP_NAME" PICTURETEXT ="" PORTTYPE ="LOOKUP/OUTPUT" PRECISION ="100" SCALE ="0"/>
            <TRANSFORMFIELD DATATYPE ="string" DEFAULTVALUE ="" DESCRIPTION ="" NAME ="EMP_GENDER" PICTURETEXT ="" PORTTYPE ="LOOKUP/OUTPUT" PRECISION ="1" SCALE ="0"/>
            <TRANSFORMFIELD DATATYPE ="string" DEFAULTVALUE ="" DESCRIPTION ="" NAME ="EMP_ADDRESS" PICTURETEXT ="" PORTTYPE ="LOOKUP/OUTPUT" PRECISION ="100" SCALE ="0"/>
            <TRANSFORMFIELD DATATYPE ="date/time" DEFAULTVALUE ="" DESCRIPTION ="" NAME ="EMP_DOB" PICTURETEXT ="" PORTTYPE ="LOOKUP/OUTPUT" PRECISION ="29" SCALE ="9"/>
            <TRANSFORMFIELD DATATYPE ="date/time" DEFAULTVALUE ="" DESCRIPTION ="" NAME ="create_date" PICTURETEXT ="" PORTTYPE ="LOOKUP/OUTPUT" PRECISION ="29" SCALE ="9"/>
            <TRANSFORMFIELD DATATYPE ="date/time" DEFAULTVALUE ="" DESCRIPTION ="" NAME ="update_date" PICTURETEXT ="" PORTTYPE ="LOOKUP/OUTPUT" PRECISION ="29" SCALE ="9"/>
            <TRANSFORMFIELD DATATYPE ="integer" DEFAULTVALUE ="" DESCRIPTION ="" NAME ="QUANTITY" PICTURETEXT ="" PORTTYPE ="INPUT/OUTPUT" PRECISION ="10" SCALE ="0"/>
            <TRANSFORMFIELD DATATYPE ="decimal" DEFAULTVALUE ="" DESCRIPTION ="" NAME ="AMOUNT_PAID" PICTURETEXT ="" PORTTYPE ="INPUT/OUTPUT" PRECISION ="12" SCALE ="2"/>
            <TRANSFORMFIELD DATATYPE ="integer" DEFAULTVALUE ="" DESCRIPTION ="" NAME ="ORDER_ID1" PICTURETEXT ="" PORTTYPE ="INPUT/OUTPUT" PRECISION ="10" SCALE ="0"/>
            <TRANSFORMFIELD DATATYPE ="string" DEFAULTVALUE ="" DESCRIPTION ="" NAME ="EMP_CD1" PICTURETEXT ="" PORTTYPE ="INPUT/OUTPUT" PRECISION ="100" SCALE ="0"/>
            <TRANSFORMFIELD DATATYPE ="string" DEFAULTVALUE ="" DESCRIPTION ="" NAME ="RETAIL_CD" PICTURETEXT ="" PORTTYPE ="INPUT/OUTPUT" PRECISION ="100" SCALE ="0"/>
            <TRANSFORMFIELD DATATYPE ="string" DEFAULTVALUE ="" DESCRIPTION ="" NAME ="PROD_CD" PICTURETEXT ="" PORTTYPE ="INPUT/OUTPUT" PRECISION ="100" SCALE ="0"/>
            <TRANSFORMFIELD DATATYPE ="date/time" DEFAULTVALUE ="" DESCRIPTION ="" NAME ="ORDER_DATE" PICTURETEXT ="" PORTTYPE ="INPUT/OUTPUT" PRECISION ="29" SCALE ="9"/>
            <TRANSFORMFIELD DATATYPE ="integer" DEFAULTVALUE ="" DESCRIPTION ="" NAME ="CUST_ID" PICTURETEXT ="" PORTTYPE ="INPUT/OUTPUT" PRECISION ="10" SCALE ="0"/>
            <TABLEATTRIBUTE NAME ="Lookup Sql Override" VALUE =""/>
            <TABLEATTRIBUTE NAME ="Lookup table name" VALUE ="DIM_EMPLOYEE"/>
            <TABLEATTRIBUTE NAME ="Lookup Source Filter" VALUE =""/>
            <TABLEATTRIBUTE NAME ="Lookup caching enabled" VALUE ="YES"/>
            <TABLEATTRIBUTE NAME ="Lookup policy on multiple match" VALUE ="Use Any Value"/>
            <TABLEATTRIBUTE NAME ="Lookup condition" VALUE ="EMP_CD = EMP_CD1"/>
            <TABLEATTRIBUTE NAME ="Connection Information" VALUE ="$Source"/>
            <TABLEATTRIBUTE NAME ="Source Type" VALUE ="Database"/>
            <TABLEATTRIBUTE NAME ="Recache if Stale" VALUE ="NO"/>
            <TABLEATTRIBUTE NAME ="Tracing Level" VALUE ="Normal"/>
            <TABLEATTRIBUTE NAME ="Lookup cache directory name" VALUE ="$PMCacheDir"/>
            <TABLEATTRIBUTE NAME ="Lookup cache initialize" VALUE ="NO"/>
            <TABLEATTRIBUTE NAME ="Lookup cache persistent" VALUE ="NO"/>
            <TABLEATTRIBUTE NAME ="Lookup Data Cache Size" VALUE ="Auto"/>
            <TABLEATTRIBUTE NAME ="Lookup Index Cache Size" VALUE ="Auto"/>
            <TABLEATTRIBUTE NAME ="Dynamic Lookup Cache" VALUE ="NO"/>
            <TABLEATTRIBUTE NAME ="Synchronize Dynamic Cache" VALUE ="NO"/>
            <TABLEATTRIBUTE NAME ="Output Old Value On Update" VALUE ="NO"/>
            <TABLEATTRIBUTE NAME ="Update Dynamic Cache Condition" VALUE ="TRUE"/>
            <TABLEATTRIBUTE NAME ="Cache File Name Prefix" VALUE =""/>
            <TABLEATTRIBUTE NAME ="Re-cache from lookup source" VALUE ="NO"/>
            <TABLEATTRIBUTE NAME ="Insert Else Update" VALUE ="NO"/>
            <TABLEATTRIBUTE NAME ="Update Else Insert" VALUE ="NO"/>
            <TABLEATTRIBUTE NAME ="Datetime Format" VALUE =""/>
            <TABLEATTRIBUTE NAME ="Thousand Separator" VALUE ="None"/>
            <TABLEATTRIBUTE NAME ="Decimal Separator" VALUE ="."/>
            <TABLEATTRIBUTE NAME ="Case Sensitive String Comparison" VALUE ="NO"/>
            <TABLEATTRIBUTE NAME ="Null ordering" VALUE ="Null Is Highest Value"/>
            <TABLEATTRIBUTE NAME ="Sorted Input" VALUE ="NO"/>
            <TABLEATTRIBUTE NAME ="Lookup source is static" VALUE ="NO"/>
            <TABLEATTRIBUTE NAME ="Pre-build lookup cache" VALUE ="Auto"/>
            <TABLEATTRIBUTE NAME ="Subsecond Precision" VALUE ="6"/>
        </TRANSFORMATION>
        <TRANSFORMATION DESCRIPTION ="" NAME ="lkp_5" OBJECTVERSION ="1" REUSABLE ="NO" TYPE ="Lookup Procedure" VERSIONNUMBER ="1">
            <TRANSFORMFIELD DATATYPE ="integer" DEFAULTVALUE ="" DESCRIPTION ="" NAME ="RETAILER_ID" PICTURETEXT ="" PORTTYPE ="LOOKUP/OUTPUT" PRECISION ="10" SCALE ="0"/>
            <TRANSFORMFIELD DATATYPE ="integer" DEFAULTVALUE ="" DESCRIPTION ="" NAME ="RETAILER_REGION_ID" PICTURETEXT ="" PORTTYPE ="LOOKUP/OUTPUT" PRECISION ="10" SCALE ="0"/>
            <TRANSFORMFIELD DATATYPE ="string" DEFAULTVALUE ="" DESCRIPTION ="" NAME ="RETAILER_CD" PICTURETEXT ="" PORTTYPE ="LOOKUP/OUTPUT" PRECISION ="100" SCALE ="0"/>
            <TRANSFORMFIELD DATATYPE ="string" DEFAULTVALUE ="" DESCRIPTION ="" NAME ="RETAILER_ADDRESS" PICTURETEXT ="" PORTTYPE ="LOOKUP/OUTPUT" PRECISION ="100" SCALE ="0"/>
            <TRANSFORMFIELD DATATYPE ="date/time" DEFAULTVALUE ="" DESCRIPTION ="" NAME ="create_date" PICTURETEXT ="" PORTTYPE ="LOOKUP/OUTPUT" PRECISION ="29" SCALE ="9"/>
            <TRANSFORMFIELD DATATYPE ="date/time" DEFAULTVALUE ="" DESCRIPTION ="" NAME ="update_date" PICTURETEXT ="" PORTTYPE ="LOOKUP/OUTPUT" PRECISION ="29" SCALE ="9"/>
            <TRANSFORMFIELD DATATYPE ="integer" DEFAULTVALUE ="" DESCRIPTION ="" NAME ="QUANTITY" PICTURETEXT ="" PORTTYPE ="INPUT/OUTPUT" PRECISION ="10" SCALE ="0"/>
            <TRANSFORMFIELD DATATYPE ="decimal" DEFAULTVALUE ="" DESCRIPTION ="" NAME ="AMOUNT_PAID" PICTURETEXT ="" PORTTYPE ="INPUT/OUTPUT" PRECISION ="12" SCALE ="2"/>
            <TRANSFORMFIELD DATATYPE ="integer" DEFAULTVALUE ="" DESCRIPTION ="" NAME ="ORDER_ID1" PICTURETEXT ="" PORTTYPE ="INPUT/OUTPUT" PRECISION ="10" SCALE ="0"/>
            <TRANSFORMFIELD DATATYPE ="string" DEFAULTVALUE ="" DESCRIPTION ="" NAME ="EMP_CD1" PICTURETEXT ="" PORTTYPE ="INPUT/OUTPUT" PRECISION ="100" SCALE ="0"/>
            <TRANSFORMFIELD DATATYPE ="string" DEFAULTVALUE ="" DESCRIPTION ="" NAME ="RETAIL_CD" PICTURETEXT ="" PORTTYPE ="INPUT/OUTPUT" PRECISION ="100" SCALE ="0"/>
            <TRANSFORMFIELD DATATYPE ="string" DEFAULTVALUE ="" DESCRIPTION ="" NAME ="PROD_CD" PICTURETEXT ="" PORTTYPE ="INPUT/OUTPUT" PRECISION ="100" SCALE ="0"/>
            <TRANSFORMFIELD DATATYPE ="date/time" DEFAULTVALUE ="" DESCRIPTION ="" NAME ="ORDER_DATE" PICTURETEXT ="" PORTTYPE ="INPUT/OUTPUT" PRECISION ="29" SCALE ="9"/>
            <TRANSFORMFIELD DATATYPE ="integer" DEFAULTVALUE ="" DESCRIPTION ="" NAME ="CUST_ID" PICTURETEXT ="" PORTTYPE ="INPUT/OUTPUT" PRECISION ="10" SCALE ="0"/>
            <TRANSFORMFIELD DATATYPE ="integer" DEFAULTVALUE ="" DESCRIPTION ="" NAME ="PRODUCT_ID" PICTURETEXT ="" PORTTYPE ="INPUT/OUTPUT" PRECISION ="10" SCALE ="0"/>
            <TRANSFORMFIELD DATATYPE ="integer" DEFAULTVALUE ="" DESCRIPTION ="" NAME ="EMP_ID" PICTURETEXT ="" PORTTYPE ="INPUT/OUTPUT" PRECISION ="10" SCALE ="0"/>
            <TABLEATTRIBUTE NAME ="Lookup Sql Override" VALUE =""/>
            <TABLEATTRIBUTE NAME ="Lookup table name" VALUE ="DIM_RETAILER"/>
            <TABLEATTRIBUTE NAME ="Lookup Source Filter" VALUE =""/>
            <TABLEATTRIBUTE NAME ="Lookup caching enabled" VALUE ="YES"/>
            <TABLEATTRIBUTE NAME ="Lookup policy on multiple match" VALUE ="Use Any Value"/>
            <TABLEATTRIBUTE NAME ="Lookup condition" VALUE ="RETAILER_CD = RETAIL_CD"/>
            <TABLEATTRIBUTE NAME ="Connection Information" VALUE ="$Source"/>
            <TABLEATTRIBUTE NAME ="Source Type" VALUE ="Database"/>
            <TABLEATTRIBUTE NAME ="Recache if Stale" VALUE ="NO"/>
            <TABLEATTRIBUTE NAME ="Tracing Level" VALUE ="Normal"/>
            <TABLEATTRIBUTE NAME ="Lookup cache directory name" VALUE ="$PMCacheDir"/>
            <TABLEATTRIBUTE NAME ="Lookup cache initialize" VALUE ="NO"/>
            <TABLEATTRIBUTE NAME ="Lookup cache persistent" VALUE ="NO"/>
            <TABLEATTRIBUTE NAME ="Lookup Data Cache Size" VALUE ="Auto"/>
            <TABLEATTRIBUTE NAME ="Lookup Index Cache Size" VALUE ="Auto"/>
            <TABLEATTRIBUTE NAME ="Dynamic Lookup Cache" VALUE ="NO"/>
            <TABLEATTRIBUTE NAME ="Synchronize Dynamic Cache" VALUE ="NO"/>
            <TABLEATTRIBUTE NAME ="Output Old Value On Update" VALUE ="NO"/>
            <TABLEATTRIBUTE NAME ="Update Dynamic Cache Condition" VALUE ="TRUE"/>
            <TABLEATTRIBUTE NAME ="Cache File Name Prefix" VALUE =""/>
            <TABLEATTRIBUTE NAME ="Re-cache from lookup source" VALUE ="NO"/>
            <TABLEATTRIBUTE NAME ="Insert Else Update" VALUE ="NO"/>
            <TABLEATTRIBUTE NAME ="Update Else Insert" VALUE ="NO"/>
            <TABLEATTRIBUTE NAME ="Datetime Format" VALUE =""/>
            <TABLEATTRIBUTE NAME ="Thousand Separator" VALUE ="None"/>
            <TABLEATTRIBUTE NAME ="Decimal Separator" VALUE ="."/>
            <TABLEATTRIBUTE NAME ="Case Sensitive String Comparison" VALUE ="NO"/>
            <TABLEATTRIBUTE NAME ="Null ordering" VALUE ="Null Is Highest Value"/>
            <TABLEATTRIBUTE NAME ="Sorted Input" VALUE ="NO"/>
            <TABLEATTRIBUTE NAME ="Lookup source is static" VALUE ="NO"/>
            <TABLEATTRIBUTE NAME ="Pre-build lookup cache" VALUE ="Auto"/>
            <TABLEATTRIBUTE NAME ="Subsecond Precision" VALUE ="6"/>
        </TRANSFORMATION>
        <TRANSFORMATION DESCRIPTION ="" NAME ="lkp_6" OBJECTVERSION ="1" REUSABLE ="NO" TYPE ="Lookup Procedure" VERSIONNUMBER ="1">
            <TRANSFORMFIELD DATATYPE ="integer" DEFAULTVALUE ="" DESCRIPTION ="" NAME ="DATE_ID" PICTURETEXT ="" PORTTYPE ="LOOKUP/OUTPUT" PRECISION ="10" SCALE ="0"/>
            <TRANSFORMFIELD DATATYPE ="date/time" DEFAULTVALUE ="" DESCRIPTION ="" NAME ="DATE_CD" PICTURETEXT ="" PORTTYPE ="LOOKUP/OUTPUT" PRECISION ="29" SCALE ="9"/>
            <TRANSFORMFIELD DATATYPE ="integer" DEFAULTVALUE ="" DESCRIPTION ="" NAME ="MONTH_VALUE" PICTURETEXT ="" PORTTYPE ="LOOKUP/OUTPUT" PRECISION ="10" SCALE ="0"/>
            <TRANSFORMFIELD DATATYPE ="integer" DEFAULTVALUE ="" DESCRIPTION ="" NAME ="YEAR_VALUE" PICTURETEXT ="" PORTTYPE ="LOOKUP/OUTPUT" PRECISION ="10" SCALE ="0"/>
            <TRANSFORMFIELD DATATYPE ="integer" DEFAULTVALUE ="" DESCRIPTION ="" NAME ="QUARTER_VALUE" PICTURETEXT ="" PORTTYPE ="LOOKUP/OUTPUT" PRECISION ="10" SCALE ="0"/>
            <TRANSFORMFIELD DATATYPE ="date/time" DEFAULTVALUE ="" DESCRIPTION ="" NAME ="create_date" PICTURETEXT ="" PORTTYPE ="LOOKUP/OUTPUT" PRECISION ="29" SCALE ="9"/>
            <TRANSFORMFIELD DATATYPE ="date/time" DEFAULTVALUE ="" DESCRIPTION ="" NAME ="update_date" PICTURETEXT ="" PORTTYPE ="LOOKUP/OUTPUT" PRECISION ="29" SCALE ="9"/>
            <TRANSFORMFIELD DATATYPE ="integer" DEFAULTVALUE ="" DESCRIPTION ="" NAME ="QUANTITY" PICTURETEXT ="" PORTTYPE ="INPUT/OUTPUT" PRECISION ="10" SCALE ="0"/>
            <TRANSFORMFIELD DATATYPE ="decimal" DEFAULTVALUE ="" DESCRIPTION ="" NAME ="AMOUNT_PAID" PICTURETEXT ="" PORTTYPE ="INPUT/OUTPUT" PRECISION ="12" SCALE ="2"/>
            <TRANSFORMFIELD DATATYPE ="integer" DEFAULTVALUE ="" DESCRIPTION ="" NAME ="ORDER_ID1" PICTURETEXT ="" PORTTYPE ="INPUT/OUTPUT" PRECISION ="10" SCALE ="0"/>
            <TRANSFORMFIELD DATATYPE ="string" DEFAULTVALUE ="" DESCRIPTION ="" NAME ="EMP_CD1" PICTURETEXT ="" PORTTYPE ="INPUT/OUTPUT" PRECISION ="100" SCALE ="0"/>
            <TRANSFORMFIELD DATATYPE ="string" DEFAULTVALUE ="" DESCRIPTION ="" NAME ="RETAIL_CD" PICTURETEXT ="" PORTTYPE ="INPUT/OUTPUT" PRECISION ="100" SCALE ="0"/>
            <TRANSFORMFIELD DATATYPE ="string" DEFAULTVALUE ="" DESCRIPTION ="" NAME ="PROD_CD" PICTURETEXT ="" PORTTYPE ="INPUT/OUTPUT" PRECISION ="100" SCALE ="0"/>
            <TRANSFORMFIELD DATATYPE ="date/time" DEFAULTVALUE ="" DESCRIPTION ="" NAME ="ORDER_DATE" PICTURETEXT ="" PORTTYPE ="INPUT/OUTPUT" PRECISION ="29" SCALE ="9"/>
            <TRANSFORMFIELD DATATYPE ="integer" DEFAULTVALUE ="" DESCRIPTION ="" NAME ="CUST_ID" PICTURETEXT ="" PORTTYPE ="INPUT/OUTPUT" PRECISION ="10" SCALE ="0"/>
            <TRANSFORMFIELD DATATYPE ="integer" DEFAULTVALUE ="" DESCRIPTION ="" NAME ="RETAILER_ID" PICTURETEXT ="" PORTTYPE ="INPUT/OUTPUT" PRECISION ="10" SCALE ="0"/>
            <TRANSFORMFIELD DATATYPE ="integer" DEFAULTVALUE ="" DESCRIPTION ="" NAME ="PRODUCT_ID" PICTURETEXT ="" PORTTYPE ="INPUT/OUTPUT" PRECISION ="10" SCALE ="0"/>
            <TRANSFORMFIELD DATATYPE ="integer" DEFAULTVALUE ="" DESCRIPTION ="" NAME ="EMP_ID" PICTURETEXT ="" PORTTYPE ="INPUT/OUTPUT" PRECISION ="10" SCALE ="0"/>
            <TABLEATTRIBUTE NAME ="Lookup Sql Override" VALUE =""/>
            <TABLEATTRIBUTE NAME ="Lookup table name" VALUE ="DIM_DATE"/>
            <TABLEATTRIBUTE NAME ="Lookup Source Filter" VALUE =""/>
            <TABLEATTRIBUTE NAME ="Lookup caching enabled" VALUE ="YES"/>
            <TABLEATTRIBUTE NAME ="Lookup policy on multiple match" VALUE ="Use Any Value"/>
            <TABLEATTRIBUTE NAME ="Lookup condition" VALUE ="DATE_CD = ORDER_DATE"/>
            <TABLEATTRIBUTE NAME ="Connection Information" VALUE ="$Source"/>
            <TABLEATTRIBUTE NAME ="Source Type" VALUE ="Database"/>
            <TABLEATTRIBUTE NAME ="Recache if Stale" VALUE ="NO"/>
            <TABLEATTRIBUTE NAME ="Tracing Level" VALUE ="Normal"/>
            <TABLEATTRIBUTE NAME ="Lookup cache directory name" VALUE ="$PMCacheDir"/>
            <TABLEATTRIBUTE NAME ="Lookup cache initialize" VALUE ="NO"/>
            <TABLEATTRIBUTE NAME ="Lookup cache persistent" VALUE ="NO"/>
            <TABLEATTRIBUTE NAME ="Lookup Data Cache Size" VALUE ="Auto"/>
            <TABLEATTRIBUTE NAME ="Lookup Index Cache Size" VALUE ="Auto"/>
            <TABLEATTRIBUTE NAME ="Dynamic Lookup Cache" VALUE ="NO"/>
            <TABLEATTRIBUTE NAME ="Synchronize Dynamic Cache" VALUE ="NO"/>
            <TABLEATTRIBUTE NAME ="Output Old Value On Update" VALUE ="NO"/>
            <TABLEATTRIBUTE NAME ="Update Dynamic Cache Condition" VALUE ="TRUE"/>
            <TABLEATTRIBUTE NAME ="Cache File Name Prefix" VALUE =""/>
            <TABLEATTRIBUTE NAME ="Re-cache from lookup source" VALUE ="NO"/>
            <TABLEATTRIBUTE NAME ="Insert Else Update" VALUE ="NO"/>
            <TABLEATTRIBUTE NAME ="Update Else Insert" VALUE ="NO"/>
            <TABLEATTRIBUTE NAME ="Datetime Format" VALUE =""/>
            <TABLEATTRIBUTE NAME ="Thousand Separator" VALUE ="None"/>
            <TABLEATTRIBUTE NAME ="Decimal Separator" VALUE ="."/>
            <TABLEATTRIBUTE NAME ="Case Sensitive String Comparison" VALUE ="NO"/>
            <TABLEATTRIBUTE NAME ="Null ordering" VALUE ="Null Is Highest Value"/>
            <TABLEATTRIBUTE NAME ="Sorted Input" VALUE ="NO"/>
            <TABLEATTRIBUTE NAME ="Lookup source is static" VALUE ="NO"/>
            <TABLEATTRIBUTE NAME ="Pre-build lookup cache" VALUE ="Auto"/>
            <TABLEATTRIBUTE NAME ="Subsecond Precision" VALUE ="6"/>
        </TRANSFORMATION>
        <TRANSFORMATION DESCRIPTION ="" NAME ="exp" OBJECTVERSION ="1" REUSABLE ="NO" TYPE ="Expression" VERSIONNUMBER ="1">
            <TRANSFORMFIELD DATATYPE ="integer" DEFAULTVALUE ="" DESCRIPTION ="" EXPRESSION ="ORDER_ID1" EXPRESSIONTYPE ="GENERAL" NAME ="ORDER_ID1" PICTURETEXT ="" PORTTYPE ="INPUT/OUTPUT" PRECISION ="10" SCALE ="0"/>
            <TRANSFORMFIELD DATATYPE ="integer" DEFAULTVALUE ="" DESCRIPTION ="" EXPRESSION ="CUST_ID" EXPRESSIONTYPE ="GENERAL" NAME ="CUST_ID" PICTURETEXT ="" PORTTYPE ="INPUT/OUTPUT" PRECISION ="10" SCALE ="0"/>
            <TRANSFORMFIELD DATATYPE ="integer" DEFAULTVALUE ="" DESCRIPTION ="" EXPRESSION ="QUANTITY" EXPRESSIONTYPE ="GENERAL" NAME ="QUANTITY" PICTURETEXT ="" PORTTYPE ="INPUT/OUTPUT" PRECISION ="10" SCALE ="0"/>
            <TRANSFORMFIELD DATATYPE ="decimal" DEFAULTVALUE ="" DESCRIPTION ="" EXPRESSION ="AMOUNT_PAID" EXPRESSIONTYPE ="GENERAL" NAME ="AMOUNT_PAID" PICTURETEXT ="" PORTTYPE ="INPUT/OUTPUT" PRECISION ="12" SCALE ="2"/>
            <TRANSFORMFIELD DATATYPE ="date/time" DEFAULTVALUE ="ERROR(&apos;transformation error&apos;)" DESCRIPTION ="" EXPRESSION ="SYSDATE" EXPRESSIONTYPE ="GENERAL" NAME ="create_date" PICTURETEXT ="" PORTTYPE ="OUTPUT" PRECISION ="29" SCALE ="9"/>
            <TRANSFORMFIELD DATATYPE ="date/time" DEFAULTVALUE ="ERROR(&apos;transformation error&apos;)" DESCRIPTION ="" EXPRESSION ="SYSDATE" EXPRESSIONTYPE ="GENERAL" NAME ="update_date" PICTURETEXT ="" PORTTYPE ="OUTPUT" PRECISION ="29" SCALE ="9"/>
            <TRANSFORMFIELD DATATYPE ="integer" DEFAULTVALUE ="" DESCRIPTION ="" EXPRESSION ="RETAILER_ID" EXPRESSIONTYPE ="GENERAL" NAME ="RETAILER_ID" PICTURETEXT ="" PORTTYPE ="INPUT/OUTPUT" PRECISION ="10" SCALE ="0"/>
            <TRANSFORMFIELD DATATYPE ="integer" DEFAULTVALUE ="" DESCRIPTION ="" EXPRESSION ="PRODUCT_ID" EXPRESSIONTYPE ="GENERAL" NAME ="PRODUCT_ID" PICTURETEXT ="" PORTTYPE ="INPUT/OUTPUT" PRECISION ="10" SCALE ="0"/>
            <TRANSFORMFIELD DATATYPE ="integer" DEFAULTVALUE ="" DESCRIPTION ="" EXPRESSION ="EMP_ID" EXPRESSIONTYPE ="GENERAL" NAME ="EMP_ID" PICTURETEXT ="" PORTTYPE ="INPUT/OUTPUT" PRECISION ="10" SCALE ="0"/>
            <TRANSFORMFIELD DATATYPE ="integer" DEFAULTVALUE ="" DESCRIPTION ="" EXPRESSION ="DATE_ID" EXPRESSIONTYPE ="GENERAL" NAME ="DATE_ID" PICTURETEXT ="" PORTTYPE ="INPUT/OUTPUT" PRECISION ="10" SCALE ="0"/>
            <TABLEATTRIBUTE NAME ="Tracing Level" VALUE ="Normal"/>
        </TRANSFORMATION>
        <TRANSFORMATION DESCRIPTION ="" NAME ="update_strategy" OBJECTVERSION ="1" REUSABLE ="NO" TYPE ="Update Strategy" VERSIONNUMBER ="1">
            <TRANSFORMFIELD DATATYPE ="integer" DEFAULTVALUE ="" DESCRIPTION ="" NAME ="SALES_ID" PICTURETEXT ="" PORTTYPE ="INPUT/OUTPUT" PRECISION ="10" SCALE ="0"/>
            <TRANSFORMFIELD DATATYPE ="integer" DEFAULTVALUE ="" DESCRIPTION ="" NAME ="ORDER_ID" PICTURETEXT ="" PORTTYPE ="INPUT/OUTPUT" PRECISION ="10" SCALE ="0"/>
            <TRANSFORMFIELD DATATYPE ="integer" DEFAULTVALUE ="" DESCRIPTION ="" NAME ="EMP_ID" PICTURETEXT ="" PORTTYPE ="INPUT/OUTPUT" PRECISION ="10" SCALE ="0"/>
            <TRANSFORMFIELD DATATYPE ="integer" DEFAULTVALUE ="" DESCRIPTION ="" NAME ="RETAILER_ID" PICTURETEXT ="" PORTTYPE ="INPUT/OUTPUT" PRECISION ="10" SCALE ="0"/>
            <TRANSFORMFIELD DATATYPE ="integer" DEFAULTVALUE ="" DESCRIPTION ="" NAME ="PRODUCT_ID" PICTURETEXT ="" PORTTYPE ="INPUT/OUTPUT" PRECISION ="10" SCALE ="0"/>
            <TRANSFORMFIELD DATATYPE ="integer" DEFAULTVALUE ="" DESCRIPTION ="" NAME ="CUSTOMER_ID" PICTURETEXT ="" PORTTYPE ="INPUT/OUTPUT" PRECISION ="10" SCALE ="0"/>
            <TRANSFORMFIELD DATATYPE ="integer" DEFAULTVALUE ="" DESCRIPTION ="" NAME ="SALES_DATE_ID" PICTURETEXT ="" PORTTYPE ="INPUT/OUTPUT" PRECISION ="10" SCALE ="0"/>
            <TRANSFORMFIELD DATATYPE ="integer" DEFAULTVALUE ="" DESCRIPTION ="" NAME ="SALES_QUANTITY" PICTURETEXT ="" PORTTYPE ="INPUT/OUTPUT" PRECISION ="10" SCALE ="0"/>
            <TRANSFORMFIELD DATATYPE ="decimal" DEFAULTVALUE ="" DESCRIPTION ="" NAME ="SALES_VALUE" PICTURETEXT ="" PORTTYPE ="INPUT/OUTPUT" PRECISION ="12" SCALE ="0"/>
            <TRANSFORMFIELD DATATYPE ="date/time" DEFAULTVALUE ="" DESCRIPTION ="" NAME ="create_date" PICTURETEXT ="" PORTTYPE ="INPUT/OUTPUT" PRECISION ="29" SCALE ="9"/>
            <TRANSFORMFIELD DATATYPE ="date/time" DEFAULTVALUE ="" DESCRIPTION ="" NAME ="update_date" PICTURETEXT ="" PORTTYPE ="INPUT/OUTPUT" PRECISION ="29" SCALE ="9"/>
            <TABLEATTRIBUTE NAME ="Update Strategy Expression" VALUE ="dd_update"/>
            <TABLEATTRIBUTE NAME ="Forward Rejected Rows" VALUE ="YES"/>
            <TABLEATTRIBUTE NAME ="Tracing Level" VALUE ="Normal"/>
        </TRANSFORMATION>
        <TRANSFORMATION DESCRIPTION ="" NAME ="sg" OBJECTVERSION ="1" REUSABLE ="NO" TYPE ="Sequence" VERSIONNUMBER ="1">
            <TRANSFORMFIELD DATATYPE ="bigint" DEFAULTVALUE ="ERROR(&apos;transformation error&apos;)" DESCRIPTION ="" NAME ="NEXTVAL" PICTURETEXT ="" PORTTYPE ="OUTPUT" PRECISION ="19" SCALE ="0"/>
            <TRANSFORMFIELD DATATYPE ="bigint" DEFAULTVALUE ="ERROR(&apos;transformation error&apos;)" DESCRIPTION ="" NAME ="CURRVAL" PICTURETEXT ="" PORTTYPE ="OUTPUT" PRECISION ="19" SCALE ="0"/>
            <TABLEATTRIBUTE NAME ="Start Value" VALUE ="1"/>
            <TABLEATTRIBUTE NAME ="Increment By" VALUE ="1"/>
            <TABLEATTRIBUTE NAME ="End Value" VALUE ="9223372036854775807"/>
            <TABLEATTRIBUTE NAME ="Current Value" VALUE ="1"/>
            <TABLEATTRIBUTE NAME ="Cycle" VALUE ="NO"/>
            <TABLEATTRIBUTE NAME ="Number of Cached Values" VALUE ="0"/>
            <TABLEATTRIBUTE NAME ="Reset" VALUE ="NO"/>
            <TABLEATTRIBUTE NAME ="Is Current Value Shared" VALUE ="NO"/>
            <TABLEATTRIBUTE NAME ="Tracing Level" VALUE ="Normal"/>
        </TRANSFORMATION>
        <TRANSFORMATION DESCRIPTION ="" NAME ="RT" OBJECTVERSION ="1" REUSABLE ="NO" TYPE ="Router" VERSIONNUMBER ="1">
            <GROUP DESCRIPTION ="" NAME ="INPUT" ORDER ="1" TYPE ="INPUT"/>
            <GROUP DESCRIPTION ="" EXPRESSION ="SALES_ID" NAME ="INSERT" ORDER ="2" TYPE ="OUTPUT"/>
            <GROUP DESCRIPTION ="Path for the data when none of the group conditions are satisfied." NAME ="DEFAULT1" ORDER ="4" TYPE ="OUTPUT/DEFAULT"/>
            <GROUP DESCRIPTION ="" EXPRESSION ="SALES_ID" NAME ="UPDATE" ORDER ="3" TYPE ="OUTPUT"/>
            <TRANSFORMFIELD DATATYPE ="integer" DEFAULTVALUE ="" DESCRIPTION ="" GROUP ="INPUT" NAME ="SALES_ID" PICTURETEXT ="" PORTTYPE ="INPUT" PRECISION ="10" SCALE ="0"/>
            <TRANSFORMFIELD DATATYPE ="integer" DEFAULTVALUE ="" DESCRIPTION ="" GROUP ="INPUT" NAME ="ORDER_ID1" PICTURETEXT ="" PORTTYPE ="INPUT" PRECISION ="10" SCALE ="0"/>
            <TRANSFORMFIELD DATATYPE ="integer" DEFAULTVALUE ="" DESCRIPTION ="" GROUP ="INPUT" NAME ="EMP_ID" PICTURETEXT ="" PORTTYPE ="INPUT" PRECISION ="10" SCALE ="0"/>
            <TRANSFORMFIELD DATATYPE ="integer" DEFAULTVALUE ="" DESCRIPTION ="" GROUP ="INPUT" NAME ="RETAILER_ID" PICTURETEXT ="" PORTTYPE ="INPUT" PRECISION ="10" SCALE ="0"/>
            <TRANSFORMFIELD DATATYPE ="integer" DEFAULTVALUE ="" DESCRIPTION ="" GROUP ="INPUT" NAME ="PRODUCT_ID" PICTURETEXT ="" PORTTYPE ="INPUT" PRECISION ="10" SCALE ="0"/>
            <TRANSFORMFIELD DATATYPE ="integer" DEFAULTVALUE ="" DESCRIPTION ="" GROUP ="INPUT" NAME ="CUST_ID" PICTURETEXT ="" PORTTYPE ="INPUT" PRECISION ="10" SCALE ="0"/>
            <TRANSFORMFIELD DATATYPE ="integer" DEFAULTVALUE ="" DESCRIPTION ="" GROUP ="INPUT" NAME ="DATE_ID" PICTURETEXT ="" PORTTYPE ="INPUT" PRECISION ="10" SCALE ="0"/>
            <TRANSFORMFIELD DATATYPE ="integer" DEFAULTVALUE ="" DESCRIPTION ="" GROUP ="INPUT" NAME ="QUANTITY" PICTURETEXT ="" PORTTYPE ="INPUT" PRECISION ="10" SCALE ="0"/>
            <TRANSFORMFIELD DATATYPE ="decimal" DEFAULTVALUE ="" DESCRIPTION ="" GROUP ="INPUT" NAME ="AMOUNT_PAID" PICTURETEXT ="" PORTTYPE ="INPUT" PRECISION ="12" SCALE ="2"/>
            <TRANSFORMFIELD DATATYPE ="date/time" DEFAULTVALUE ="" DESCRIPTION ="" GROUP ="INPUT" NAME ="create_date" PICTURETEXT ="" PORTTYPE ="INPUT" PRECISION ="29" SCALE ="9"/>
            <TRANSFORMFIELD DATATYPE ="date/time" DEFAULTVALUE ="" DESCRIPTION ="" GROUP ="INPUT" NAME ="update_date" PICTURETEXT ="" PORTTYPE ="INPUT" PRECISION ="29" SCALE ="9"/>
            <TRANSFORMFIELD DATATYPE ="string" DEFAULTVALUE ="" DESCRIPTION ="" GROUP ="INPUT" NAME ="new_record_flag" PICTURETEXT ="" PORTTYPE ="INPUT" PRECISION ="10" SCALE ="0"/>
            <TRANSFORMFIELD DATATYPE ="string" DEFAULTVALUE ="" DESCRIPTION ="" GROUP ="INPUT" NAME ="update_record_flag" PICTURETEXT ="" PORTTYPE ="INPUT" PRECISION ="10" SCALE ="0"/>
            <TRANSFORMFIELD DATATYPE ="integer" DEFAULTVALUE ="" DESCRIPTION ="" GROUP ="INSERT" NAME ="SALES_ID1" PICTURETEXT ="" PORTTYPE ="OUTPUT" PRECISION ="10" REF_FIELD ="SALES_ID" SCALE ="0"/>
            <TRANSFORMFIELD DATATYPE ="integer" DEFAULTVALUE ="" DESCRIPTION ="" GROUP ="INSERT" NAME ="ORDER_ID11" PICTURETEXT ="" PORTTYPE ="OUTPUT" PRECISION ="10" REF_FIELD ="ORDER_ID1" SCALE ="0"/>
            <TRANSFORMFIELD DATATYPE ="integer" DEFAULTVALUE ="" DESCRIPTION ="" GROUP ="INSERT" NAME ="EMP_ID1" PICTURETEXT ="" PORTTYPE ="OUTPUT" PRECISION ="10" REF_FIELD ="EMP_ID" SCALE ="0"/>
            <TRANSFORMFIELD DATATYPE ="integer" DEFAULTVALUE ="" DESCRIPTION ="" GROUP ="INSERT" NAME ="RETAILER_ID1" PICTURETEXT ="" PORTTYPE ="OUTPUT" PRECISION ="10" REF_FIELD ="RETAILER_ID" SCALE ="0"/>
            <TRANSFORMFIELD DATATYPE ="integer" DEFAULTVALUE ="" DESCRIPTION ="" GROUP ="INSERT" NAME ="PRODUCT_ID1" PICTURETEXT ="" PORTTYPE ="OUTPUT" PRECISION ="10" REF_FIELD ="PRODUCT_ID" SCALE ="0"/>
            <TRANSFORMFIELD DATATYPE ="integer" DEFAULTVALUE ="" DESCRIPTION ="" GROUP ="INSERT" NAME ="CUST_ID1" PICTURETEXT ="" PORTTYPE ="OUTPUT" PRECISION ="10" REF_FIELD ="CUST_ID" SCALE ="0"/>
            <TRANSFORMFIELD DATATYPE ="integer" DEFAULTVALUE ="" DESCRIPTION ="" GROUP ="INSERT" NAME ="DATE_ID1" PICTURETEXT ="" PORTTYPE ="OUTPUT" PRECISION ="10" REF_FIELD ="DATE_ID" SCALE ="0"/>
            <TRANSFORMFIELD DATATYPE ="integer" DEFAULTVALUE ="" DESCRIPTION ="" GROUP ="INSERT" NAME ="QUANTITY1" PICTURETEXT ="" PORTTYPE ="OUTPUT" PRECISION ="10" REF_FIELD ="QUANTITY" SCALE ="0"/>
            <TRANSFORMFIELD DATATYPE ="decimal" DEFAULTVALUE ="" DESCRIPTION ="" GROUP ="INSERT" NAME ="AMOUNT_PAID1" PICTURETEXT ="" PORTTYPE ="OUTPUT" PRECISION ="12" REF_FIELD ="AMOUNT_PAID" SCALE ="2"/>
            <TRANSFORMFIELD DATATYPE ="date/time" DEFAULTVALUE ="" DESCRIPTION ="" GROUP ="INSERT" NAME ="create_date1" PICTURETEXT ="" PORTTYPE ="OUTPUT" PRECISION ="29" REF_FIELD ="create_date" SCALE ="9"/>
            <TRANSFORMFIELD DATATYPE ="date/time" DEFAULTVALUE ="" DESCRIPTION ="" GROUP ="INSERT" NAME ="update_date1" PICTURETEXT ="" PORTTYPE ="OUTPUT" PRECISION ="29" REF_FIELD ="update_date" SCALE ="9"/>
            <TRANSFORMFIELD DATATYPE ="string" DEFAULTVALUE ="" DESCRIPTION ="" GROUP ="INSERT" NAME ="new_record_flag1" PICTURETEXT ="" PORTTYPE ="OUTPUT" PRECISION ="10" REF_FIELD ="new_record_flag" SCALE ="0"/>
            <TRANSFORMFIELD DATATYPE ="string" DEFAULTVALUE ="" DESCRIPTION ="" GROUP ="INSERT" NAME ="update_record_flag1" PICTURETEXT ="" PORTTYPE ="OUTPUT" PRECISION ="10" REF_FIELD ="update_record_flag" SCALE ="0"/>
            <TRANSFORMFIELD DATATYPE ="integer" DEFAULTVALUE ="" DESCRIPTION ="" GROUP ="UPDATE" NAME ="SALES_ID3" PICTURETEXT ="" PORTTYPE ="OUTPUT" PRECISION ="10" REF_FIELD ="SALES_ID" SCALE ="0"/>
            <TRANSFORMFIELD DATATYPE ="integer" DEFAULTVALUE ="" DESCRIPTION ="" GROUP ="UPDATE" NAME ="ORDER_ID13" PICTURETEXT ="" PORTTYPE ="OUTPUT" PRECISION ="10" REF_FIELD ="ORDER_ID1" SCALE ="0"/>
            <TRANSFORMFIELD DATATYPE ="integer" DEFAULTVALUE ="" DESCRIPTION ="" GROUP ="UPDATE" NAME ="EMP_ID3" PICTURETEXT ="" PORTTYPE ="OUTPUT" PRECISION ="10" REF_FIELD ="EMP_ID" SCALE ="0"/>
            <TRANSFORMFIELD DATATYPE ="integer" DEFAULTVALUE ="" DESCRIPTION ="" GROUP ="UPDATE" NAME ="RETAILER_ID3" PICTURETEXT ="" PORTTYPE ="OUTPUT" PRECISION ="10" REF_FIELD ="RETAILER_ID" SCALE ="0"/>
            <TRANSFORMFIELD DATATYPE ="integer" DEFAULTVALUE ="" DESCRIPTION ="" GROUP ="UPDATE" NAME ="PRODUCT_ID3" PICTURETEXT ="" PORTTYPE ="OUTPUT" PRECISION ="10" REF_FIELD ="PRODUCT_ID" SCALE ="0"/>
            <TRANSFORMFIELD DATATYPE ="integer" DEFAULTVALUE ="" DESCRIPTION ="" GROUP ="UPDATE" NAME ="CUST_ID3" PICTURETEXT ="" PORTTYPE ="OUTPUT" PRECISION ="10" REF_FIELD ="CUST_ID" SCALE ="0"/>
            <TRANSFORMFIELD DATATYPE ="integer" DEFAULTVALUE ="" DESCRIPTION ="" GROUP ="UPDATE" NAME ="DATE_ID3" PICTURETEXT ="" PORTTYPE ="OUTPUT" PRECISION ="10" REF_FIELD ="DATE_ID" SCALE ="0"/>
            <TRANSFORMFIELD DATATYPE ="integer" DEFAULTVALUE ="" DESCRIPTION ="" GROUP ="UPDATE" NAME ="QUANTITY3" PICTURETEXT ="" PORTTYPE ="OUTPUT" PRECISION ="10" REF_FIELD ="QUANTITY" SCALE ="0"/>
            <TRANSFORMFIELD DATATYPE ="decimal" DEFAULTVALUE ="" DESCRIPTION ="" GROUP ="UPDATE" NAME ="AMOUNT_PAID3" PICTURETEXT ="" PORTTYPE ="OUTPUT" PRECISION ="12" REF_FIELD ="AMOUNT_PAID" SCALE ="2"/>
            <TRANSFORMFIELD DATATYPE ="date/time" DEFAULTVALUE ="" DESCRIPTION ="" GROUP ="UPDATE" NAME ="create_date3" PICTURETEXT ="" PORTTYPE ="OUTPUT" PRECISION ="29" REF_FIELD ="create_date" SCALE ="9"/>
            <TRANSFORMFIELD DATATYPE ="date/time" DEFAULTVALUE ="" DESCRIPTION ="" GROUP ="UPDATE" NAME ="update_date3" PICTURETEXT ="" PORTTYPE ="OUTPUT" PRECISION ="29" REF_FIELD ="update_date" SCALE ="9"/>
            <TRANSFORMFIELD DATATYPE ="string" DEFAULTVALUE ="" DESCRIPTION ="" GROUP ="UPDATE" NAME ="new_record_flag3" PICTURETEXT ="" PORTTYPE ="OUTPUT" PRECISION ="10" REF_FIELD ="new_record_flag" SCALE ="0"/>
            <TRANSFORMFIELD DATATYPE ="string" DEFAULTVALUE ="" DESCRIPTION ="" GROUP ="UPDATE" NAME ="update_record_flag3" PICTURETEXT ="" PORTTYPE ="OUTPUT" PRECISION ="10" REF_FIELD ="update_record_flag" SCALE ="0"/>
            <TRANSFORMFIELD DATATYPE ="integer" DEFAULTVALUE ="" DESCRIPTION ="" GROUP ="DEFAULT1" NAME ="SALES_ID2" PICTURETEXT ="" PORTTYPE ="OUTPUT" PRECISION ="10" REF_FIELD ="SALES_ID" SCALE ="0"/>
            <TRANSFORMFIELD DATATYPE ="integer" DEFAULTVALUE ="" DESCRIPTION ="" GROUP ="DEFAULT1" NAME ="ORDER_ID12" PICTURETEXT ="" PORTTYPE ="OUTPUT" PRECISION ="10" REF_FIELD ="ORDER_ID1" SCALE ="0"/>
            <TRANSFORMFIELD DATATYPE ="integer" DEFAULTVALUE ="" DESCRIPTION ="" GROUP ="DEFAULT1" NAME ="EMP_ID2" PICTURETEXT ="" PORTTYPE ="OUTPUT" PRECISION ="10" REF_FIELD ="EMP_ID" SCALE ="0"/>
            <TRANSFORMFIELD DATATYPE ="integer" DEFAULTVALUE ="" DESCRIPTION ="" GROUP ="DEFAULT1" NAME ="RETAILER_ID2" PICTURETEXT ="" PORTTYPE ="OUTPUT" PRECISION ="10" REF_FIELD ="RETAILER_ID" SCALE ="0"/>
            <TRANSFORMFIELD DATATYPE ="integer" DEFAULTVALUE ="" DESCRIPTION ="" GROUP ="DEFAULT1" NAME ="PRODUCT_ID2" PICTURETEXT ="" PORTTYPE ="OUTPUT" PRECISION ="10" REF_FIELD ="PRODUCT_ID" SCALE ="0"/>
            <TRANSFORMFIELD DATATYPE ="integer" DEFAULTVALUE ="" DESCRIPTION ="" GROUP ="DEFAULT1" NAME ="CUST_ID2" PICTURETEXT ="" PORTTYPE ="OUTPUT" PRECISION ="10" REF_FIELD ="CUST_ID" SCALE ="0"/>
            <TRANSFORMFIELD DATATYPE ="integer" DEFAULTVALUE ="" DESCRIPTION ="" GROUP ="DEFAULT1" NAME ="DATE_ID2" PICTURETEXT ="" PORTTYPE ="OUTPUT" PRECISION ="10" REF_FIELD ="DATE_ID" SCALE ="0"/>
            <TRANSFORMFIELD DATATYPE ="integer" DEFAULTVALUE ="" DESCRIPTION ="" GROUP ="DEFAULT1" NAME ="QUANTITY2" PICTURETEXT ="" PORTTYPE ="OUTPUT" PRECISION ="10" REF_FIELD ="QUANTITY" SCALE ="0"/>
            <TRANSFORMFIELD DATATYPE ="decimal" DEFAULTVALUE ="" DESCRIPTION ="" GROUP ="DEFAULT1" NAME ="AMOUNT_PAID2" PICTURETEXT ="" PORTTYPE ="OUTPUT" PRECISION ="12" REF_FIELD ="AMOUNT_PAID" SCALE ="2"/>
            <TRANSFORMFIELD DATATYPE ="date/time" DEFAULTVALUE ="" DESCRIPTION ="" GROUP ="DEFAULT1" NAME ="create_date2" PICTURETEXT ="" PORTTYPE ="OUTPUT" PRECISION ="29" REF_FIELD ="create_date" SCALE ="9"/>
            <TRANSFORMFIELD DATATYPE ="date/time" DEFAULTVALUE ="" DESCRIPTION ="" GROUP ="DEFAULT1" NAME ="update_date2" PICTURETEXT ="" PORTTYPE ="OUTPUT" PRECISION ="29" REF_FIELD ="update_date" SCALE ="9"/>
            <TRANSFORMFIELD DATATYPE ="string" DEFAULTVALUE ="" DESCRIPTION ="" GROUP ="DEFAULT1" NAME ="new_record_flag2" PICTURETEXT ="" PORTTYPE ="OUTPUT" PRECISION ="10" REF_FIELD ="new_record_flag" SCALE ="0"/>
            <TRANSFORMFIELD DATATYPE ="string" DEFAULTVALUE ="" DESCRIPTION ="" GROUP ="DEFAULT1" NAME ="update_record_flag2" PICTURETEXT ="" PORTTYPE ="OUTPUT" PRECISION ="10" REF_FIELD ="update_record_flag" SCALE ="0"/>
            <TABLEATTRIBUTE NAME ="Tracing Level" VALUE ="Normal"/>
        </TRANSFORMATION>
        <INSTANCE DESCRIPTION ="" NAME ="FACT_SALES1" TRANSFORMATION_NAME ="FACT_SALES" TRANSFORMATION_TYPE ="Target Definition" TYPE ="TARGET"/>
        <INSTANCE DESCRIPTION ="" NAME ="FACT_SALES" TRANSFORMATION_NAME ="FACT_SALES" TRANSFORMATION_TYPE ="Target Definition" TYPE ="TARGET"/>
        <INSTANCE DBDNAME ="inf_ss_hr" DESCRIPTION ="" NAME ="DIM_ORDER" TRANSFORMATION_NAME ="DIM_ORDER" TRANSFORMATION_TYPE ="Source Definition" TYPE ="SOURCE"/>
        <INSTANCE DESCRIPTION ="" NAME ="SQ_DIM_ORDER" REUSABLE ="NO" TRANSFORMATION_NAME ="SQ_DIM_ORDER" TRANSFORMATION_TYPE ="Source Qualifier" TYPE ="TRANSFORMATION">
            <ASSOCIATED_SOURCE_INSTANCE NAME ="DIM_ORDER"/>
        </INSTANCE>
        <INSTANCE DESCRIPTION ="" NAME ="lkp_1" REUSABLE ="NO" TRANSFORMATION_NAME ="lkp_1" TRANSFORMATION_TYPE ="Lookup Procedure" TYPE ="TRANSFORMATION"/>
        <INSTANCE DESCRIPTION ="" NAME ="lkp_2" REUSABLE ="NO" TRANSFORMATION_NAME ="lkp_2" TRANSFORMATION_TYPE ="Lookup Procedure" TYPE ="TRANSFORMATION"/>
        <INSTANCE DESCRIPTION ="" NAME ="lkp_4" REUSABLE ="NO" TRANSFORMATION_NAME ="lkp_4" TRANSFORMATION_TYPE ="Lookup Procedure" TYPE ="TRANSFORMATION"/>
        <INSTANCE DESCRIPTION ="" NAME ="lkp_3" REUSABLE ="NO" TRANSFORMATION_NAME ="lkp_3" TRANSFORMATION_TYPE ="Lookup Procedure" TYPE ="TRANSFORMATION"/>
        <INSTANCE DESCRIPTION ="" NAME ="lkp_5" REUSABLE ="NO" TRANSFORMATION_NAME ="lkp_5" TRANSFORMATION_TYPE ="Lookup Procedure" TYPE ="TRANSFORMATION"/>
        <INSTANCE DESCRIPTION ="" NAME ="lkp_6" REUSABLE ="NO" TRANSFORMATION_NAME ="lkp_6" TRANSFORMATION_TYPE ="Lookup Procedure" TYPE ="TRANSFORMATION"/>
        <INSTANCE DESCRIPTION ="" NAME ="exp" REUSABLE ="NO" TRANSFORMATION_NAME ="exp" TRANSFORMATION_TYPE ="Expression" TYPE ="TRANSFORMATION"/>
        <INSTANCE DESCRIPTION ="" NAME ="update_strategy" REUSABLE ="NO" TRANSFORMATION_NAME ="update_strategy" TRANSFORMATION_TYPE ="Update Strategy" TYPE ="TRANSFORMATION"/>
        <INSTANCE DESCRIPTION ="" NAME ="sg" REUSABLE ="NO" TRANSFORMATION_NAME ="sg" TRANSFORMATION_TYPE ="Sequence" TYPE ="TRANSFORMATION"/>
        <INSTANCE DESCRIPTION ="" NAME ="RT" REUSABLE ="NO" TRANSFORMATION_NAME ="RT" TRANSFORMATION_TYPE ="Router" TYPE ="TRANSFORMATION"/>
        <CONNECTOR FROMFIELD ="SALES_ID1" FROMINSTANCE ="RT" FROMINSTANCETYPE ="Router" TOFIELD ="SALES_ID" TOINSTANCE ="FACT_SALES1" TOINSTANCETYPE ="Target Definition"/>
        <CONNECTOR FROMFIELD ="ORDER_ID11" FROMINSTANCE ="RT" FROMINSTANCETYPE ="Router" TOFIELD ="ORDER_ID" TOINSTANCE ="FACT_SALES1" TOINSTANCETYPE ="Target Definition"/>
        <CONNECTOR FROMFIELD ="EMP_ID1" FROMINSTANCE ="RT" FROMINSTANCETYPE ="Router" TOFIELD ="EMP_ID" TOINSTANCE ="FACT_SALES1" TOINSTANCETYPE ="Target Definition"/>
        <CONNECTOR FROMFIELD ="RETAILER_ID1" FROMINSTANCE ="RT" FROMINSTANCETYPE ="Router" TOFIELD ="RETAILER_ID" TOINSTANCE ="FACT_SALES1" TOINSTANCETYPE ="Target Definition"/>
        <CONNECTOR FROMFIELD ="PRODUCT_ID1" FROMINSTANCE ="RT" FROMINSTANCETYPE ="Router" TOFIELD ="PRODUCT_ID" TOINSTANCE ="FACT_SALES1" TOINSTANCETYPE ="Target Definition"/>
        <CONNECTOR FROMFIELD ="CUST_ID1" FROMINSTANCE ="RT" FROMINSTANCETYPE ="Router" TOFIELD ="CUSTOMER_ID" TOINSTANCE ="FACT_SALES1" TOINSTANCETYPE ="Target Definition"/>
        <CONNECTOR FROMFIELD ="DATE_ID1" FROMINSTANCE ="RT" FROMINSTANCETYPE ="Router" TOFIELD ="SALES_DATE_ID" TOINSTANCE ="FACT_SALES1" TOINSTANCETYPE ="Target Definition"/>
        <CONNECTOR FROMFIELD ="QUANTITY1" FROMINSTANCE ="RT" FROMINSTANCETYPE ="Router" TOFIELD ="SALES_QUANTITY" TOINSTANCE ="FACT_SALES1" TOINSTANCETYPE ="Target Definition"/>
        <CONNECTOR FROMFIELD ="AMOUNT_PAID1" FROMINSTANCE ="RT" FROMINSTANCETYPE ="Router" TOFIELD ="SALES_VALUE" TOINSTANCE ="FACT_SALES1" TOINSTANCETYPE ="Target Definition"/>
        <CONNECTOR FROMFIELD ="create_date1" FROMINSTANCE ="RT" FROMINSTANCETYPE ="Router" TOFIELD ="create_date" TOINSTANCE ="FACT_SALES1" TOINSTANCETYPE ="Target Definition"/>
        <CONNECTOR FROMFIELD ="update_date1" FROMINSTANCE ="RT" FROMINSTANCETYPE ="Router" TOFIELD ="update_date" TOINSTANCE ="FACT_SALES1" TOINSTANCETYPE ="Target Definition"/>
        <CONNECTOR FROMFIELD ="SALES_ID" FROMINSTANCE ="update_strategy" FROMINSTANCETYPE ="Update Strategy" TOFIELD ="SALES_ID" TOINSTANCE ="FACT_SALES" TOINSTANCETYPE ="Target Definition"/>
        <CONNECTOR FROMFIELD ="ORDER_ID" FROMINSTANCE ="update_strategy" FROMINSTANCETYPE ="Update Strategy" TOFIELD ="ORDER_ID" TOINSTANCE ="FACT_SALES" TOINSTANCETYPE ="Target Definition"/>
        <CONNECTOR FROMFIELD ="EMP_ID" FROMINSTANCE ="update_strategy" FROMINSTANCETYPE ="Update Strategy" TOFIELD ="EMP_ID" TOINSTANCE ="FACT_SALES" TOINSTANCETYPE ="Target Definition"/>
        <CONNECTOR FROMFIELD ="RETAILER_ID" FROMINSTANCE ="update_strategy" FROMINSTANCETYPE ="Update Strategy" TOFIELD ="RETAILER_ID" TOINSTANCE ="FACT_SALES" TOINSTANCETYPE ="Target Definition"/>
        <CONNECTOR FROMFIELD ="PRODUCT_ID" FROMINSTANCE ="update_strategy" FROMINSTANCETYPE ="Update Strategy" TOFIELD ="PRODUCT_ID" TOINSTANCE ="FACT_SALES" TOINSTANCETYPE ="Target Definition"/>
        <CONNECTOR FROMFIELD ="CUSTOMER_ID" FROMINSTANCE ="update_strategy" FROMINSTANCETYPE ="Update Strategy" TOFIELD ="CUSTOMER_ID" TOINSTANCE ="FACT_SALES" TOINSTANCETYPE ="Target Definition"/>
        <CONNECTOR FROMFIELD ="SALES_DATE_ID" FROMINSTANCE ="update_strategy" FROMINSTANCETYPE ="Update Strategy" TOFIELD ="SALES_DATE_ID" TOINSTANCE ="FACT_SALES" TOINSTANCETYPE ="Target Definition"/>
        <CONNECTOR FROMFIELD ="SALES_QUANTITY" FROMINSTANCE ="update_strategy" FROMINSTANCETYPE ="Update Strategy" TOFIELD ="SALES_QUANTITY" TOINSTANCE ="FACT_SALES" TOINSTANCETYPE ="Target Definition"/>
        <CONNECTOR FROMFIELD ="SALES_VALUE" FROMINSTANCE ="update_strategy" FROMINSTANCETYPE ="Update Strategy" TOFIELD ="SALES_VALUE" TOINSTANCE ="FACT_SALES" TOINSTANCETYPE ="Target Definition"/>
        <CONNECTOR FROMFIELD ="create_date" FROMINSTANCE ="update_strategy" FROMINSTANCETYPE ="Update Strategy" TOFIELD ="create_date" TOINSTANCE ="FACT_SALES" TOINSTANCETYPE ="Target Definition"/>
        <CONNECTOR FROMFIELD ="update_date" FROMINSTANCE ="update_strategy" FROMINSTANCETYPE ="Update Strategy" TOFIELD ="update_date" TOINSTANCE ="FACT_SALES" TOINSTANCETYPE ="Target Definition"/>
        <CONNECTOR FROMFIELD ="ORDER_ID" FROMINSTANCE ="DIM_ORDER" FROMINSTANCETYPE ="Source Definition" TOFIELD ="ORDER_ID" TOINSTANCE ="SQ_DIM_ORDER" TOINSTANCETYPE ="Source Qualifier"/>
        <CONNECTOR FROMFIELD ="ORDER_CD" FROMINSTANCE ="DIM_ORDER" FROMINSTANCETYPE ="Source Definition" TOFIELD ="ORDER_CD" TOINSTANCE ="SQ_DIM_ORDER" TOINSTANCETYPE ="Source Qualifier"/>
        <CONNECTOR FROMFIELD ="create_date" FROMINSTANCE ="DIM_ORDER" FROMINSTANCETYPE ="Source Definition" TOFIELD ="create_date" TOINSTANCE ="SQ_DIM_ORDER" TOINSTANCETYPE ="Source Qualifier"/>
        <CONNECTOR FROMFIELD ="update_date" FROMINSTANCE ="DIM_ORDER" FROMINSTANCETYPE ="Source Definition" TOFIELD ="update_date" TOINSTANCE ="SQ_DIM_ORDER" TOINSTANCETYPE ="Source Qualifier"/>
        <CONNECTOR FROMFIELD ="ORDER_CD" FROMINSTANCE ="SQ_DIM_ORDER" FROMINSTANCETYPE ="Source Qualifier" TOFIELD ="ORDER_CD" TOINSTANCE ="lkp_1" TOINSTANCETYPE ="Lookup Procedure"/>
        <CONNECTOR FROMFIELD ="ORDER_ID" FROMINSTANCE ="SQ_DIM_ORDER" FROMINSTANCETYPE ="Source Qualifier" TOFIELD ="ORDER_ID1" TOINSTANCE ="lkp_1" TOINSTANCETYPE ="Lookup Procedure"/>
        <CONNECTOR FROMFIELD ="CUST_CD" FROMINSTANCE ="lkp_1" FROMINSTANCETYPE ="Lookup Procedure" TOFIELD ="CUST_CD" TOINSTANCE ="lkp_2" TOINSTANCETYPE ="Lookup Procedure"/>
        <CONNECTOR FROMFIELD ="QUANTITY" FROMINSTANCE ="lkp_1" FROMINSTANCETYPE ="Lookup Procedure" TOFIELD ="QUANTITY" TOINSTANCE ="lkp_2" TOINSTANCETYPE ="Lookup Procedure"/>
        <CONNECTOR FROMFIELD ="AMOUNT_PAID" FROMINSTANCE ="lkp_1" FROMINSTANCETYPE ="Lookup Procedure" TOFIELD ="AMOUNT_PAID" TOINSTANCE ="lkp_2" TOINSTANCETYPE ="Lookup Procedure"/>
        <CONNECTOR FROMFIELD ="ORDER_ID1" FROMINSTANCE ="lkp_1" FROMINSTANCETYPE ="Lookup Procedure" TOFIELD ="ORDER_ID1" TOINSTANCE ="lkp_2" TOINSTANCETYPE ="Lookup Procedure"/>
        <CONNECTOR FROMFIELD ="EMP_CD" FROMINSTANCE ="lkp_1" FROMINSTANCETYPE ="Lookup Procedure" TOFIELD ="EMP_CD" TOINSTANCE ="lkp_2" TOINSTANCETYPE ="Lookup Procedure"/>
        <CONNECTOR FROMFIELD ="RETAIL_CD" FROMINSTANCE ="lkp_1" FROMINSTANCETYPE ="Lookup Procedure" TOFIELD ="RETAIL_CD" TOINSTANCE ="lkp_2" TOINSTANCETYPE ="Lookup Procedure"/>
        <CONNECTOR FROMFIELD ="PROD_CD" FROMINSTANCE ="lkp_1" FROMINSTANCETYPE ="Lookup Procedure" TOFIELD ="PROD_CD" TOINSTANCE ="lkp_2" TOINSTANCETYPE ="Lookup Procedure"/>
        <CONNECTOR FROMFIELD ="ORDER_DATE" FROMINSTANCE ="lkp_1" FROMINSTANCETYPE ="Lookup Procedure" TOFIELD ="ORDER_DATE" TOINSTANCE ="lkp_2" TOINSTANCETYPE ="Lookup Procedure"/>
        <CONNECTOR FROMFIELD ="QUANTITY" FROMINSTANCE ="lkp_2" FROMINSTANCETYPE ="Lookup Procedure" TOFIELD ="QUANTITY" TOINSTANCE ="lkp_3" TOINSTANCETYPE ="Lookup Procedure"/>
        <CONNECTOR FROMFIELD ="AMOUNT_PAID" FROMINSTANCE ="lkp_2" FROMINSTANCETYPE ="Lookup Procedure" TOFIELD ="AMOUNT_PAID" TOINSTANCE ="lkp_3" TOINSTANCETYPE ="Lookup Procedure"/>
        <CONNECTOR FROMFIELD ="ORDER_ID1" FROMINSTANCE ="lkp_2" FROMINSTANCETYPE ="Lookup Procedure" TOFIELD ="ORDER_ID1" TOINSTANCE ="lkp_3" TOINSTANCETYPE ="Lookup Procedure"/>
        <CONNECTOR FROMFIELD ="EMP_CD" FROMINSTANCE ="lkp_2" FROMINSTANCETYPE ="Lookup Procedure" TOFIELD ="EMP_CD1" TOINSTANCE ="lkp_3" TOINSTANCETYPE ="Lookup Procedure"/>
        <CONNECTOR FROMFIELD ="RETAIL_CD" FROMINSTANCE ="lkp_2" FROMINSTANCETYPE ="Lookup Procedure" TOFIELD ="RETAIL_CD" TOINSTANCE ="lkp_3" TOINSTANCETYPE ="Lookup Procedure"/>
        <CONNECTOR FROMFIELD ="PROD_CD" FROMINSTANCE ="lkp_2" FROMINSTANCETYPE ="Lookup Procedure" TOFIELD ="PROD_CD" TOINSTANCE ="lkp_3" TOINSTANCETYPE ="Lookup Procedure"/>
        <CONNECTOR FROMFIELD ="ORDER_DATE" FROMINSTANCE ="lkp_2" FROMINSTANCETYPE ="Lookup Procedure" TOFIELD ="ORDER_DATE" TOINSTANCE ="lkp_3" TOINSTANCETYPE ="Lookup Procedure"/>
        <CONNECTOR FROMFIELD ="CUST_ID" FROMINSTANCE ="lkp_2" FROMINSTANCETYPE ="Lookup Procedure" TOFIELD ="CUST_ID" TOINSTANCE ="lkp_3" TOINSTANCETYPE ="Lookup Procedure"/>
        <CONNECTOR FROMFIELD ="QUANTITY" FROMINSTANCE ="lkp_3" FROMINSTANCETYPE ="Lookup Procedure" TOFIELD ="QUANTITY" TOINSTANCE ="lkp_4" TOINSTANCETYPE ="Lookup Procedure"/>
        <CONNECTOR FROMFIELD ="AMOUNT_PAID" FROMINSTANCE ="lkp_3" FROMINSTANCETYPE ="Lookup Procedure" TOFIELD ="AMOUNT_PAID" TOINSTANCE ="lkp_4" TOINSTANCETYPE ="Lookup Procedure"/>
        <CONNECTOR FROMFIELD ="ORDER_ID1" FROMINSTANCE ="lkp_3" FROMINSTANCETYPE ="Lookup Procedure" TOFIELD ="ORDER_ID1" TOINSTANCE ="lkp_4" TOINSTANCETYPE ="Lookup Procedure"/>
        <CONNECTOR FROMFIELD ="EMP_CD1" FROMINSTANCE ="lkp_3" FROMINSTANCETYPE ="Lookup Procedure" TOFIELD ="EMP_CD1" TOINSTANCE ="lkp_4" TOINSTANCETYPE ="Lookup Procedure"/>
        <CONNECTOR FROMFIELD ="RETAIL_CD" FROMINSTANCE ="lkp_3" FROMINSTANCETYPE ="Lookup Procedure" TOFIELD ="RETAIL_CD" TOINSTANCE ="lkp_4" TOINSTANCETYPE ="Lookup Procedure"/>
        <CONNECTOR FROMFIELD ="PROD_CD" FROMINSTANCE ="lkp_3" FROMINSTANCETYPE ="Lookup Procedure" TOFIELD ="PROD_CD" TOINSTANCE ="lkp_4" TOINSTANCETYPE ="Lookup Procedure"/>
        <CONNECTOR FROMFIELD ="ORDER_DATE" FROMINSTANCE ="lkp_3" FROMINSTANCETYPE ="Lookup Procedure" TOFIELD ="ORDER_DATE" TOINSTANCE ="lkp_4" TOINSTANCETYPE ="Lookup Procedure"/>
        <CONNECTOR FROMFIELD ="CUST_ID" FROMINSTANCE ="lkp_3" FROMINSTANCETYPE ="Lookup Procedure" TOFIELD ="CUST_ID" TOINSTANCE ="lkp_4" TOINSTANCETYPE ="Lookup Procedure"/>
        <CONNECTOR FROMFIELD ="EMP_ID" FROMINSTANCE ="lkp_3" FROMINSTANCETYPE ="Lookup Procedure" TOFIELD ="EMP_ID" TOINSTANCE ="lkp_4" TOINSTANCETYPE ="Lookup Procedure"/>
        <CONNECTOR FROMFIELD ="QUANTITY" FROMINSTANCE ="lkp_4" FROMINSTANCETYPE ="Lookup Procedure" TOFIELD ="QUANTITY" TOINSTANCE ="lkp_5" TOINSTANCETYPE ="Lookup Procedure"/>
        <CONNECTOR FROMFIELD ="AMOUNT_PAID" FROMINSTANCE ="lkp_4" FROMINSTANCETYPE ="Lookup Procedure" TOFIELD ="AMOUNT_PAID" TOINSTANCE ="lkp_5" TOINSTANCETYPE ="Lookup Procedure"/>
        <CONNECTOR FROMFIELD ="ORDER_ID1" FROMINSTANCE ="lkp_4" FROMINSTANCETYPE ="Lookup Procedure" TOFIELD ="ORDER_ID1" TOINSTANCE ="lkp_5" TOINSTANCETYPE ="Lookup Procedure"/>
        <CONNECTOR FROMFIELD ="EMP_CD1" FROMINSTANCE ="lkp_4" FROMINSTANCETYPE ="Lookup Procedure" TOFIELD ="EMP_CD1" TOINSTANCE ="lkp_5" TOINSTANCETYPE ="Lookup Procedure"/>
        <CONNECTOR FROMFIELD ="RETAIL_CD" FROMINSTANCE ="lkp_4" FROMINSTANCETYPE ="Lookup Procedure" TOFIELD ="RETAIL_CD" TOINSTANCE ="lkp_5" TOINSTANCETYPE ="Lookup Procedure"/>
        <CONNECTOR FROMFIELD ="ORDER_DATE" FROMINSTANCE ="lkp_4" FROMINSTANCETYPE ="Lookup Procedure" TOFIELD ="ORDER_DATE" TOINSTANCE ="lkp_5" TOINSTANCETYPE ="Lookup Procedure"/>
        <CONNECTOR FROMFIELD ="CUST_ID" FROMINSTANCE ="lkp_4" FROMINSTANCETYPE ="Lookup Procedure" TOFIELD ="CUST_ID" TOINSTANCE ="lkp_5" TOINSTANCETYPE ="Lookup Procedure"/>
        <CONNECTOR FROMFIELD ="PRODUCT_ID" FROMINSTANCE ="lkp_4" FROMINSTANCETYPE ="Lookup Procedure" TOFIELD ="PRODUCT_ID" TOINSTANCE ="lkp_5" TOINSTANCETYPE ="Lookup Procedure"/>
        <CONNECTOR FROMFIELD ="EMP_ID" FROMINSTANCE ="lkp_4" FROMINSTANCETYPE ="Lookup Procedure" TOFIELD ="EMP_ID" TOINSTANCE ="lkp_5" TOINSTANCETYPE ="Lookup Procedure"/>
        <CONNECTOR FROMFIELD ="QUANTITY" FROMINSTANCE ="lkp_5" FROMINSTANCETYPE ="Lookup Procedure" TOFIELD ="QUANTITY" TOINSTANCE ="lkp_6" TOINSTANCETYPE ="Lookup Procedure"/>
        <CONNECTOR FROMFIELD ="AMOUNT_PAID" FROMINSTANCE ="lkp_5" FROMINSTANCETYPE ="Lookup Procedure" TOFIELD ="AMOUNT_PAID" TOINSTANCE ="lkp_6" TOINSTANCETYPE ="Lookup Procedure"/>
        <CONNECTOR FROMFIELD ="ORDER_ID1" FROMINSTANCE ="lkp_5" FROMINSTANCETYPE ="Lookup Procedure" TOFIELD ="ORDER_ID1" TOINSTANCE ="lkp_6" TOINSTANCETYPE ="Lookup Procedure"/>
        <CONNECTOR FROMFIELD ="EMP_CD1" FROMINSTANCE ="lkp_5" FROMINSTANCETYPE ="Lookup Procedure" TOFIELD ="EMP_CD1" TOINSTANCE ="lkp_6" TOINSTANCETYPE ="Lookup Procedure"/>
        <CONNECTOR FROMFIELD ="RETAIL_CD" FROMINSTANCE ="lkp_5" FROMINSTANCETYPE ="Lookup Procedure" TOFIELD ="RETAIL_CD" TOINSTANCE ="lkp_6" TOINSTANCETYPE ="Lookup Procedure"/>
        <CONNECTOR FROMFIELD ="PROD_CD" FROMINSTANCE ="lkp_5" FROMINSTANCETYPE ="Lookup Procedure" TOFIELD ="PROD_CD" TOINSTANCE ="lkp_6" TOINSTANCETYPE ="Lookup Procedure"/>
        <CONNECTOR FROMFIELD ="CUST_ID" FROMINSTANCE ="lkp_5" FROMINSTANCETYPE ="Lookup Procedure" TOFIELD ="CUST_ID" TOINSTANCE ="lkp_6" TOINSTANCETYPE ="Lookup Procedure"/>
        <CONNECTOR FROMFIELD ="RETAILER_ID" FROMINSTANCE ="lkp_5" FROMINSTANCETYPE ="Lookup Procedure" TOFIELD ="RETAILER_ID" TOINSTANCE ="lkp_6" TOINSTANCETYPE ="Lookup Procedure"/>
        <CONNECTOR FROMFIELD ="PRODUCT_ID" FROMINSTANCE ="lkp_5" FROMINSTANCETYPE ="Lookup Procedure" TOFIELD ="PRODUCT_ID" TOINSTANCE ="lkp_6" TOINSTANCETYPE ="Lookup Procedure"/>
        <CONNECTOR FROMFIELD ="EMP_ID" FROMINSTANCE ="lkp_5" FROMINSTANCETYPE ="Lookup Procedure" TOFIELD ="EMP_ID" TOINSTANCE ="lkp_6" TOINSTANCETYPE ="Lookup Procedure"/>
        <CONNECTOR FROMFIELD ="ORDER_DATE" FROMINSTANCE ="lkp_5" FROMINSTANCETYPE ="Lookup Procedure" TOFIELD ="ORDER_DATE" TOINSTANCE ="lkp_6" TOINSTANCETYPE ="Lookup Procedure"/>
        <CONNECTOR FROMFIELD ="ORDER_ID1" FROMINSTANCE ="lkp_6" FROMINSTANCETYPE ="Lookup Procedure" TOFIELD ="ORDER_ID1" TOINSTANCE ="exp" TOINSTANCETYPE ="Expression"/>
        <CONNECTOR FROMFIELD ="CUST_ID" FROMINSTANCE ="lkp_6" FROMINSTANCETYPE ="Lookup Procedure" TOFIELD ="CUST_ID" TOINSTANCE ="exp" TOINSTANCETYPE ="Expression"/>
        <CONNECTOR FROMFIELD ="QUANTITY" FROMINSTANCE ="lkp_6" FROMINSTANCETYPE ="Lookup Procedure" TOFIELD ="QUANTITY" TOINSTANCE ="exp" TOINSTANCETYPE ="Expression"/>
        <CONNECTOR FROMFIELD ="AMOUNT_PAID" FROMINSTANCE ="lkp_6" FROMINSTANCETYPE ="Lookup Procedure" TOFIELD ="AMOUNT_PAID" TOINSTANCE ="exp" TOINSTANCETYPE ="Expression"/>
        <CONNECTOR FROMFIELD ="RETAILER_ID" FROMINSTANCE ="lkp_6" FROMINSTANCETYPE ="Lookup Procedure" TOFIELD ="RETAILER_ID" TOINSTANCE ="exp" TOINSTANCETYPE ="Expression"/>
        <CONNECTOR FROMFIELD ="PRODUCT_ID" FROMINSTANCE ="lkp_6" FROMINSTANCETYPE ="Lookup Procedure" TOFIELD ="PRODUCT_ID" TOINSTANCE ="exp" TOINSTANCETYPE ="Expression"/>
        <CONNECTOR FROMFIELD ="EMP_ID" FROMINSTANCE ="lkp_6" FROMINSTANCETYPE ="Lookup Procedure" TOFIELD ="EMP_ID" TOINSTANCE ="exp" TOINSTANCETYPE ="Expression"/>
        <CONNECTOR FROMFIELD ="DATE_ID" FROMINSTANCE ="lkp_6" FROMINSTANCETYPE ="Lookup Procedure" TOFIELD ="DATE_ID" TOINSTANCE ="exp" TOINSTANCETYPE ="Expression"/>
        <CONNECTOR FROMFIELD ="ORDER_ID1" FROMINSTANCE ="exp" FROMINSTANCETYPE ="Expression" TOFIELD ="ORDER_ID1" TOINSTANCE ="RT" TOINSTANCETYPE ="Router"/>
        <CONNECTOR FROMFIELD ="CUST_ID" FROMINSTANCE ="exp" FROMINSTANCETYPE ="Expression" TOFIELD ="CUST_ID" TOINSTANCE ="RT" TOINSTANCETYPE ="Router"/>
        <CONNECTOR FROMFIELD ="QUANTITY" FROMINSTANCE ="exp" FROMINSTANCETYPE ="Expression" TOFIELD ="QUANTITY" TOINSTANCE ="RT" TOINSTANCETYPE ="Router"/>
        <CONNECTOR FROMFIELD ="AMOUNT_PAID" FROMINSTANCE ="exp" FROMINSTANCETYPE ="Expression" TOFIELD ="AMOUNT_PAID" TOINSTANCE ="RT" TOINSTANCETYPE ="Router"/>
        <CONNECTOR FROMFIELD ="create_date" FROMINSTANCE ="exp" FROMINSTANCETYPE ="Expression" TOFIELD ="create_date" TOINSTANCE ="RT" TOINSTANCETYPE ="Router"/>
        <CONNECTOR FROMFIELD ="update_date" FROMINSTANCE ="exp" FROMINSTANCETYPE ="Expression" TOFIELD ="update_date" TOINSTANCE ="RT" TOINSTANCETYPE ="Router"/>
        <CONNECTOR FROMFIELD ="RETAILER_ID" FROMINSTANCE ="exp" FROMINSTANCETYPE ="Expression" TOFIELD ="RETAILER_ID" TOINSTANCE ="RT" TOINSTANCETYPE ="Router"/>
        <CONNECTOR FROMFIELD ="PRODUCT_ID" FROMINSTANCE ="exp" FROMINSTANCETYPE ="Expression" TOFIELD ="PRODUCT_ID" TOINSTANCE ="RT" TOINSTANCETYPE ="Router"/>
        <CONNECTOR FROMFIELD ="EMP_ID" FROMINSTANCE ="exp" FROMINSTANCETYPE ="Expression" TOFIELD ="EMP_ID" TOINSTANCE ="RT" TOINSTANCETYPE ="Router"/>
        <CONNECTOR FROMFIELD ="DATE_ID" FROMINSTANCE ="exp" FROMINSTANCETYPE ="Expression" TOFIELD ="DATE_ID" TOINSTANCE ="RT" TOINSTANCETYPE ="Router"/>
        <CONNECTOR FROMFIELD ="SALES_ID3" FROMINSTANCE ="RT" FROMINSTANCETYPE ="Router" TOFIELD ="SALES_ID" TOINSTANCE ="update_strategy" TOINSTANCETYPE ="Update Strategy"/>
        <CONNECTOR FROMFIELD ="ORDER_ID13" FROMINSTANCE ="RT" FROMINSTANCETYPE ="Router" TOFIELD ="ORDER_ID" TOINSTANCE ="update_strategy" TOINSTANCETYPE ="Update Strategy"/>
        <CONNECTOR FROMFIELD ="EMP_ID3" FROMINSTANCE ="RT" FROMINSTANCETYPE ="Router" TOFIELD ="EMP_ID" TOINSTANCE ="update_strategy" TOINSTANCETYPE ="Update Strategy"/>
        <CONNECTOR FROMFIELD ="RETAILER_ID3" FROMINSTANCE ="RT" FROMINSTANCETYPE ="Router" TOFIELD ="RETAILER_ID" TOINSTANCE ="update_strategy" TOINSTANCETYPE ="Update Strategy"/>
        <CONNECTOR FROMFIELD ="PRODUCT_ID3" FROMINSTANCE ="RT" FROMINSTANCETYPE ="Router" TOFIELD ="PRODUCT_ID" TOINSTANCE ="update_strategy" TOINSTANCETYPE ="Update Strategy"/>
        <CONNECTOR FROMFIELD ="CUST_ID3" FROMINSTANCE ="RT" FROMINSTANCETYPE ="Router" TOFIELD ="CUSTOMER_ID" TOINSTANCE ="update_strategy" TOINSTANCETYPE ="Update Strategy"/>
        <CONNECTOR FROMFIELD ="DATE_ID3" FROMINSTANCE ="RT" FROMINSTANCETYPE ="Router" TOFIELD ="SALES_DATE_ID" TOINSTANCE ="update_strategy" TOINSTANCETYPE ="Update Strategy"/>
        <CONNECTOR FROMFIELD ="QUANTITY3" FROMINSTANCE ="RT" FROMINSTANCETYPE ="Router" TOFIELD ="SALES_QUANTITY" TOINSTANCE ="update_strategy" TOINSTANCETYPE ="Update Strategy"/>
        <CONNECTOR FROMFIELD ="AMOUNT_PAID3" FROMINSTANCE ="RT" FROMINSTANCETYPE ="Router" TOFIELD ="SALES_VALUE" TOINSTANCE ="update_strategy" TOINSTANCETYPE ="Update Strategy"/>
        <CONNECTOR FROMFIELD ="create_date3" FROMINSTANCE ="RT" FROMINSTANCETYPE ="Router" TOFIELD ="create_date" TOINSTANCE ="update_strategy" TOINSTANCETYPE ="Update Strategy"/>
        <CONNECTOR FROMFIELD ="update_date3" FROMINSTANCE ="RT" FROMINSTANCETYPE ="Router" TOFIELD ="update_date" TOINSTANCE ="update_strategy" TOINSTANCETYPE ="Update Strategy"/>
        <CONNECTOR FROMFIELD ="NEXTVAL" FROMINSTANCE ="sg" FROMINSTANCETYPE ="Sequence" TOFIELD ="SALES_ID" TOINSTANCE ="RT" TOINSTANCETYPE ="Router"/>
        <TARGETLOADORDER ORDER ="1" TARGETINSTANCE ="FACT_SALES1"/>
        <TARGETLOADORDER ORDER ="1" TARGETINSTANCE ="FACT_SALES"/>
        <ERPINFO/>
    </MAPPING>
</FOLDER>
</REPOSITORY>
</POWERMART>