<?xml version="1.0" encoding="Windows-1252"?>
<!DOCTYPE POWERMART SYSTEM "powrmart.dtd">
<POWERMART CREATION_DATE="11/28/2024 09:57:04" REPOSITORY_VERSION="187.96">
<REPOSITORY NAME="INFA_DEV_REP" VERSION="187" CODEPAGE="MS1252" DATABASETYPE="Microsoft SQL Server">
<FOLDER NAME="DEV_PRACTICE" GROUP="" OWNER="Administrator" SHARED="NOTSHARED" DESCRIPTION="" PERMISSIONS="rwx---r--" UUID="0aa9f3aa-4ace-4461-a3b1-161b8654cb54">
    <SOURCE BUSINESSNAME ="" DATABASETYPE ="Flat File" DBDNAME ="FlatFile" DESCRIPTION ="" NAME ="PROD_DATA__1_" OBJECTVERSION ="1" OWNERNAME ="" VERSIONNUMBER ="1">
        <FLATFILE CODEPAGE ="MS1252" CONSECDELIMITERSASONE ="NO" DELIMITED ="YES" DELIMITERS ="," ESCAPE_CHARACTER ="" KEEPESCAPECHAR ="NO" LINESEQUENTIAL ="NO" MULTIDELIMITERSASAND ="NO" NULLCHARTYPE ="ASCII" NULL_CHARACTER ="*" PADBYTES ="1" QUOTE_CHARACTER ="NONE" REPEATABLE ="NO" ROWDELIMITER ="0" SHIFTSENSITIVEDATA ="NO" SKIPROWS ="1" STRIPTRAILINGBLANKS ="NO"/>
        <TABLEATTRIBUTE NAME ="Base Table Name" VALUE =""/>
        <TABLEATTRIBUTE NAME ="Search Specification" VALUE =""/>
        <TABLEATTRIBUTE NAME ="Sort Specification" VALUE =""/>
        <TABLEATTRIBUTE NAME ="Datetime Format" VALUE ="A  19 mm/dd/yyyy hh24:mi:ss"/>
        <TABLEATTRIBUTE NAME ="Thousand Separator" VALUE ="None"/>
        <TABLEATTRIBUTE NAME ="Decimal Separator" VALUE ="."/>
        <TABLEATTRIBUTE NAME ="Add Currently Processed Flat File Name Port" VALUE ="NO"/>
        <TABLEATTRIBUTE NAME ="Source TimeStamp" VALUE =""/>
        <SOURCEFIELD BUSINESSNAME ="" DATATYPE ="string" DESCRIPTION ="" FIELDNUMBER ="1" FIELDPROPERTY ="0" FIELDTYPE ="ELEMITEM" HIDDEN ="NO" KEYTYPE ="PRIMARY KEY" LENGTH ="10" LEVEL ="0" NAME ="PROD_CD" NULLABLE ="NOTNULL" OCCURS ="0" OFFSET ="0" PHYSICALLENGTH ="10" PHYSICALOFFSET ="0" PICTURETEXT ="" PRECISION ="10" SCALE ="0" USAGE_FLAGS =""/>
        <SOURCEFIELD BUSINESSNAME ="" DATATYPE ="number" DESCRIPTION ="" FIELDNUMBER ="2" FIELDPROPERTY ="0" FIELDTYPE ="ELEMITEM" HIDDEN ="NO" KEYTYPE ="NOT A KEY" LENGTH ="5" LEVEL ="0" NAME ="PRICE" NULLABLE ="NOTNULL" OCCURS ="0" OFFSET ="10" PHYSICALLENGTH ="5" PHYSICALOFFSET ="10" PICTURETEXT ="" PRECISION ="5" SCALE ="0" USAGE_FLAGS =""/>
        <SOURCEFIELD BUSINESSNAME ="" DATATYPE ="string" DESCRIPTION ="" FIELDNUMBER ="3" FIELDPROPERTY ="0" FIELDTYPE ="ELEMITEM" HIDDEN ="NO" KEYTYPE ="NOT A KEY" LENGTH ="33" LEVEL ="0" NAME ="Product" NULLABLE ="NOTNULL" OCCURS ="0" OFFSET ="15" PHYSICALLENGTH ="33" PHYSICALOFFSET ="15" PICTURETEXT ="" PRECISION ="33" SCALE ="0" USAGE_FLAGS =""/>
        <SOURCEFIELD BUSINESSNAME ="" DATATYPE ="number" DESCRIPTION ="" FIELDNUMBER ="4" FIELDPROPERTY ="0" FIELDTYPE ="ELEMITEM" HIDDEN ="NO" KEYTYPE ="NOT A KEY" LENGTH ="5" LEVEL ="0" NAME ="PRICE1" NULLABLE ="NOTNULL" OCCURS ="0" OFFSET ="48" PHYSICALLENGTH ="5" PHYSICALOFFSET ="48" PICTURETEXT ="" PRECISION ="5" SCALE ="0" USAGE_FLAGS =""/>
    </SOURCE>
    <TARGET BUSINESSNAME ="" CONSTRAINT ="" DATABASETYPE ="Microsoft SQL Server" DESCRIPTION ="" NAME ="STG_PRODUCT_DATA" OBJECTVERSION ="1" TABLEOPTIONS ="" VERSIONNUMBER ="1">
        <TARGETFIELD BUSINESSNAME ="" DATATYPE ="varchar" DESCRIPTION ="" FIELDNUMBER ="1" KEYTYPE ="NOT A KEY" NAME ="PROD_CD" NULLABLE ="NOTNULL" PICTURETEXT ="" PRECISION ="100" SCALE ="0"/>
        <TARGETFIELD BUSINESSNAME ="" DATATYPE ="varchar" DESCRIPTION ="" FIELDNUMBER ="2" KEYTYPE ="NOT A KEY" NAME ="PROD_DESC" NULLABLE ="NOTNULL" PICTURETEXT ="" PRECISION ="100" SCALE ="0"/>
        <TARGETFIELD BUSINESSNAME ="" DATATYPE ="decimal" DESCRIPTION ="" FIELDNUMBER ="3" KEYTYPE ="NOT A KEY" NAME ="PROD_PRICE" NULLABLE ="NOTNULL" PICTURETEXT ="" PRECISION ="18" SCALE ="0"/>
    </TARGET>
    <MAPPING DESCRIPTION ="" ISVALID ="YES" NAME ="m_prod_data" OBJECTVERSION ="1" VERSIONNUMBER ="1">
        <TRANSFORMATION DESCRIPTION ="" NAME ="SQ_PROD_DATA__1_" OBJECTVERSION ="1" REUSABLE ="NO" TYPE ="Source Qualifier" VERSIONNUMBER ="1">
            <TRANSFORMFIELD DATATYPE ="string" DEFAULTVALUE ="" DESCRIPTION ="" NAME ="PROD_CD" PICTURETEXT ="" PORTTYPE ="INPUT/OUTPUT" PRECISION ="10" SCALE ="0"/>
            <TRANSFORMFIELD DATATYPE ="decimal" DEFAULTVALUE ="" DESCRIPTION ="" NAME ="PRICE" PICTURETEXT ="" PORTTYPE ="INPUT/OUTPUT" PRECISION ="5" SCALE ="0"/>
            <TRANSFORMFIELD DATATYPE ="string" DEFAULTVALUE ="" DESCRIPTION ="" NAME ="Product" PICTURETEXT ="" PORTTYPE ="INPUT/OUTPUT" PRECISION ="33" SCALE ="0"/>
            <TRANSFORMFIELD DATATYPE ="decimal" DEFAULTVALUE ="" DESCRIPTION ="" NAME ="PRICE1" PICTURETEXT ="" PORTTYPE ="INPUT/OUTPUT" PRECISION ="5" SCALE ="0"/>
            <TABLEATTRIBUTE NAME ="Sql Query" VALUE =""/>
            <TABLEATTRIBUTE NAME ="User Defined Join" VALUE =""/>
            <TABLEATTRIBUTE NAME ="Source Filter" VALUE =""/>
            <TABLEATTRIBUTE NAME ="Number Of Sorted Ports" VALUE ="0"/>
            <TABLEATTRIBUTE NAME ="Tracing Level" VALUE ="Normal"/>
            <TABLEATTRIBUTE NAME ="Select Distinct" VALUE ="NO"/>
            <TABLEATTRIBUTE NAME ="Is Partitionable" VALUE ="NO"/>
            <TABLEATTRIBUTE NAME ="Pre SQL" VALUE =""/>
            <TABLEATTRIBUTE NAME ="Post SQL" VALUE =""/>
            <TABLEATTRIBUTE NAME ="Output is deterministic" VALUE ="NO"/>
            <TABLEATTRIBUTE NAME ="Output is repeatable" VALUE ="Never"/>
        </TRANSFORMATION>
        <INSTANCE DESCRIPTION ="" NAME ="STG_PRODUCT_DATA" TRANSFORMATION_NAME ="STG_PRODUCT_DATA" TRANSFORMATION_TYPE ="Target Definition" TYPE ="TARGET"/>
        <INSTANCE DBDNAME ="FlatFile" DESCRIPTION ="" NAME ="PROD_DATA__1_" TRANSFORMATION_NAME ="PROD_DATA__1_" TRANSFORMATION_TYPE ="Source Definition" TYPE ="SOURCE"/>
        <INSTANCE DESCRIPTION ="" NAME ="SQ_PROD_DATA__1_" REUSABLE ="NO" TRANSFORMATION_NAME ="SQ_PROD_DATA__1_" TRANSFORMATION_TYPE ="Source Qualifier" TYPE ="TRANSFORMATION">
            <ASSOCIATED_SOURCE_INSTANCE NAME ="PROD_DATA__1_"/>
        </INSTANCE>
        <CONNECTOR FROMFIELD ="PROD_CD" FROMINSTANCE ="SQ_PROD_DATA__1_" FROMINSTANCETYPE ="Source Qualifier" TOFIELD ="PROD_CD" TOINSTANCE ="STG_PRODUCT_DATA" TOINSTANCETYPE ="Target Definition"/>
        <CONNECTOR FROMFIELD ="PRICE" FROMINSTANCE ="SQ_PROD_DATA__1_" FROMINSTANCETYPE ="Source Qualifier" TOFIELD ="PROD_PRICE" TOINSTANCE ="STG_PRODUCT_DATA" TOINSTANCETYPE ="Target Definition"/>
        <CONNECTOR FROMFIELD ="Product" FROMINSTANCE ="SQ_PROD_DATA__1_" FROMINSTANCETYPE ="Source Qualifier" TOFIELD ="PROD_DESC" TOINSTANCE ="STG_PRODUCT_DATA" TOINSTANCETYPE ="Target Definition"/>
        <CONNECTOR FROMFIELD ="PROD_CD" FROMINSTANCE ="PROD_DATA__1_" FROMINSTANCETYPE ="Source Definition" TOFIELD ="PROD_CD" TOINSTANCE ="SQ_PROD_DATA__1_" TOINSTANCETYPE ="Source Qualifier"/>
        <CONNECTOR FROMFIELD ="PRICE" FROMINSTANCE ="PROD_DATA__1_" FROMINSTANCETYPE ="Source Definition" TOFIELD ="PRICE" TOINSTANCE ="SQ_PROD_DATA__1_" TOINSTANCETYPE ="Source Qualifier"/>
        <CONNECTOR FROMFIELD ="Product" FROMINSTANCE ="PROD_DATA__1_" FROMINSTANCETYPE ="Source Definition" TOFIELD ="Product" TOINSTANCE ="SQ_PROD_DATA__1_" TOINSTANCETYPE ="Source Qualifier"/>
        <CONNECTOR FROMFIELD ="PRICE1" FROMINSTANCE ="PROD_DATA__1_" FROMINSTANCETYPE ="Source Definition" TOFIELD ="PRICE1" TOINSTANCE ="SQ_PROD_DATA__1_" TOINSTANCETYPE ="Source Qualifier"/>
        <TARGETLOADORDER ORDER ="1" TARGETINSTANCE ="STG_PRODUCT_DATA"/>
        <ERPINFO/>
    </MAPPING>
</FOLDER>
</REPOSITORY>
</POWERMART>