<?xml version="1.0" encoding="Windows-1252"?>
<!DOCTYPE POWERMART SYSTEM "powrmart.dtd">
<POWERMART CREATION_DATE="11/28/2024 09:55:30" REPOSITORY_VERSION="187.96">
<REPOSITORY NAME="INFA_DEV_REP" VERSION="187" CODEPAGE="MS1252" DATABASETYPE="Microsoft SQL Server">
<FOLDER NAME="DEV_PRACTICE" GROUP="" OWNER="Administrator" SHARED="NOTSHARED" DESCRIPTION="" PERMISSIONS="rwx---r--" UUID="0aa9f3aa-4ace-4461-a3b1-161b8654cb54">
    <SOURCE BUSINESSNAME ="" DATABASETYPE ="Flat File" DBDNAME ="FlatFile" DESCRIPTION ="" NAME ="SALES_DATA" OBJECTVERSION ="1" OWNERNAME ="" VERSIONNUMBER ="1">
        <FLATFILE CODEPAGE ="MS1252" CONSECDELIMITERSASONE ="NO" DELIMITED ="YES" DELIMITERS ="," ESCAPE_CHARACTER ="" KEEPESCAPECHAR ="NO" LINESEQUENTIAL ="NO" MULTIDELIMITERSASAND ="YES" NULLCHARTYPE ="ASCII" NULL_CHARACTER ="*" PADBYTES ="1" QUOTE_CHARACTER ="NONE" REPEATABLE ="NO" ROWDELIMITER ="10" SHIFTSENSITIVEDATA ="NO" SKIPROWS ="1" STRIPTRAILINGBLANKS ="NO"/>
        <TABLEATTRIBUTE NAME ="Base Table Name" VALUE =""/>
        <TABLEATTRIBUTE NAME ="Search Specification" VALUE =""/>
        <TABLEATTRIBUTE NAME ="Sort Specification" VALUE =""/>
        <TABLEATTRIBUTE NAME ="Datetime Format" VALUE ="A  19 mm/dd/yyyy hh24:mi:ss"/>
        <TABLEATTRIBUTE NAME ="Thousand Separator" VALUE ="None"/>
        <TABLEATTRIBUTE NAME ="Decimal Separator" VALUE ="."/>
        <TABLEATTRIBUTE NAME ="Add Currently Processed Flat File Name Port" VALUE ="NO"/>
        <TABLEATTRIBUTE NAME ="Source TimeStamp" VALUE =""/>
        <SOURCEFIELD BUSINESSNAME ="" DATATYPE ="string" DESCRIPTION ="" FIELDNUMBER ="1" FIELDPROPERTY ="0" FIELDTYPE ="ELEMITEM" HIDDEN ="NO" KEYTYPE ="NOT A KEY" LENGTH ="11" LEVEL ="0" NAME ="order_id" NULLABLE ="NULL" OCCURS ="0" OFFSET ="0" PHYSICALLENGTH ="11" PHYSICALOFFSET ="0" PICTURETEXT ="" PRECISION ="11" SCALE ="0" USAGE_FLAGS =""/>
        <SOURCEFIELD BUSINESSNAME ="" DATATYPE ="string" DESCRIPTION ="" FIELDNUMBER ="2" FIELDPROPERTY ="0" FIELDTYPE ="ELEMITEM" HIDDEN ="NO" KEYTYPE ="NOT A KEY" LENGTH ="29" LEVEL ="0" NAME ="ORDER_DATE" NULLABLE ="NULL" OCCURS ="0" OFFSET ="11" PHYSICALLENGTH ="29" PHYSICALOFFSET ="11" PICTURETEXT ="" PRECISION ="29" SCALE ="0" USAGE_FLAGS =""/>
        <SOURCEFIELD BUSINESSNAME ="" DATATYPE ="string" DESCRIPTION ="" FIELDNUMBER ="3" FIELDPROPERTY ="0" FIELDTYPE ="ELEMITEM" HIDDEN ="NO" KEYTYPE ="NOT A KEY" LENGTH ="10" LEVEL ="0" NAME ="prod_cd" NULLABLE ="NULL" OCCURS ="0" OFFSET ="40" PHYSICALLENGTH ="10" PHYSICALOFFSET ="40" PICTURETEXT ="" PRECISION ="10" SCALE ="0" USAGE_FLAGS =""/>
        <SOURCEFIELD BUSINESSNAME ="" DATATYPE ="string" DESCRIPTION ="" FIELDNUMBER ="4" FIELDPROPERTY ="0" FIELDTYPE ="ELEMITEM" HIDDEN ="NO" KEYTYPE ="NOT A KEY" LENGTH ="9" LEVEL ="0" NAME ="EMP_CD" NULLABLE ="NULL" OCCURS ="0" OFFSET ="50" PHYSICALLENGTH ="9" PHYSICALOFFSET ="50" PICTURETEXT ="" PRECISION ="9" SCALE ="0" USAGE_FLAGS =""/>
        <SOURCEFIELD BUSINESSNAME ="" DATATYPE ="string" DESCRIPTION ="" FIELDNUMBER ="5" FIELDPROPERTY ="0" FIELDTYPE ="ELEMITEM" HIDDEN ="NO" KEYTYPE ="NOT A KEY" LENGTH ="10" LEVEL ="0" NAME ="RETAIL_CD" NULLABLE ="NULL" OCCURS ="0" OFFSET ="59" PHYSICALLENGTH ="10" PHYSICALOFFSET ="59" PICTURETEXT ="" PRECISION ="10" SCALE ="0" USAGE_FLAGS =""/>
        <SOURCEFIELD BUSINESSNAME ="" DATATYPE ="string" DESCRIPTION ="" FIELDNUMBER ="6" FIELDPROPERTY ="0" FIELDTYPE ="ELEMITEM" HIDDEN ="NO" KEYTYPE ="NOT A KEY" LENGTH ="10" LEVEL ="0" NAME ="CUST_CD" NULLABLE ="NULL" OCCURS ="0" OFFSET ="69" PHYSICALLENGTH ="10" PHYSICALOFFSET ="69" PICTURETEXT ="" PRECISION ="10" SCALE ="0" USAGE_FLAGS =""/>
        <SOURCEFIELD BUSINESSNAME ="" DATATYPE ="number" DESCRIPTION ="" FIELDNUMBER ="7" FIELDPROPERTY ="0" FIELDTYPE ="ELEMITEM" HIDDEN ="NO" KEYTYPE ="NOT A KEY" LENGTH ="2" LEVEL ="0" NAME ="quantity" NULLABLE ="NULL" OCCURS ="0" OFFSET ="79" PHYSICALLENGTH ="2" PHYSICALOFFSET ="79" PICTURETEXT ="" PRECISION ="2" SCALE ="0" USAGE_FLAGS =""/>
        <SOURCEFIELD BUSINESSNAME ="" DATATYPE ="number" DESCRIPTION ="" FIELDNUMBER ="8" FIELDPROPERTY ="0" FIELDTYPE ="ELEMITEM" HIDDEN ="NO" KEYTYPE ="NOT A KEY" LENGTH ="6" LEVEL ="0" NAME ="AMOUNT_PAID" NULLABLE ="NULL" OCCURS ="0" OFFSET ="81" PHYSICALLENGTH ="6" PHYSICALOFFSET ="81" PICTURETEXT ="" PRECISION ="6" SCALE ="0" USAGE_FLAGS =""/>
    </SOURCE>
    <TARGET BUSINESSNAME ="" CONSTRAINT ="" DATABASETYPE ="Microsoft SQL Server" DESCRIPTION ="" NAME ="STG_SALES_" OBJECTVERSION ="1" TABLEOPTIONS ="" VERSIONNUMBER ="1">
        <TARGETFIELD BUSINESSNAME ="" DATATYPE ="varchar" DESCRIPTION ="" FIELDNUMBER ="1" KEYTYPE ="NOT A KEY" NAME ="ORDER_ID" NULLABLE ="NOTNULL" PICTURETEXT ="" PRECISION ="100" SCALE ="0"/>
        <TARGETFIELD BUSINESSNAME ="" DATATYPE ="datetime" DESCRIPTION ="" FIELDNUMBER ="2" KEYTYPE ="NOT A KEY" NAME ="ORDER_DATE" NULLABLE ="NULL" PICTURETEXT ="" PRECISION ="23" SCALE ="3"/>
        <TARGETFIELD BUSINESSNAME ="" DATATYPE ="varchar" DESCRIPTION ="" FIELDNUMBER ="3" KEYTYPE ="NOT A KEY" NAME ="PROD_CD" NULLABLE ="NOTNULL" PICTURETEXT ="" PRECISION ="100" SCALE ="0"/>
        <TARGETFIELD BUSINESSNAME ="" DATATYPE ="varchar" DESCRIPTION ="" FIELDNUMBER ="4" KEYTYPE ="NOT A KEY" NAME ="EMP_CD" NULLABLE ="NOTNULL" PICTURETEXT ="" PRECISION ="100" SCALE ="0"/>
        <TARGETFIELD BUSINESSNAME ="" DATATYPE ="varchar" DESCRIPTION ="" FIELDNUMBER ="5" KEYTYPE ="NOT A KEY" NAME ="RETAIL_CD" NULLABLE ="NOTNULL" PICTURETEXT ="" PRECISION ="100" SCALE ="0"/>
        <TARGETFIELD BUSINESSNAME ="" DATATYPE ="varchar" DESCRIPTION ="" FIELDNUMBER ="6" KEYTYPE ="NOT A KEY" NAME ="CUST_CD" NULLABLE ="NOTNULL" PICTURETEXT ="" PRECISION ="100" SCALE ="0"/>
        <TARGETFIELD BUSINESSNAME ="" DATATYPE ="int" DESCRIPTION ="" FIELDNUMBER ="7" KEYTYPE ="NOT A KEY" NAME ="QUANTITY" NULLABLE ="NOTNULL" PICTURETEXT ="" PRECISION ="10" SCALE ="0"/>
        <TARGETFIELD BUSINESSNAME ="" DATATYPE ="decimal" DESCRIPTION ="" FIELDNUMBER ="8" KEYTYPE ="NOT A KEY" NAME ="AMOUNT_PAID" NULLABLE ="NULL" PICTURETEXT ="" PRECISION ="12" SCALE ="2"/>
    </TARGET>
    <MAPPING DESCRIPTION ="" ISVALID ="YES" NAME ="M_SALES1" OBJECTVERSION ="1" VERSIONNUMBER ="1">
        <TRANSFORMATION DESCRIPTION ="" NAME ="SQ_SALES_DATA" OBJECTVERSION ="1" REUSABLE ="NO" TYPE ="Source Qualifier" VERSIONNUMBER ="1">
            <TRANSFORMFIELD DATATYPE ="string" DEFAULTVALUE ="" DESCRIPTION ="" NAME ="order_id" PICTURETEXT ="" PORTTYPE ="INPUT/OUTPUT" PRECISION ="11" SCALE ="0"/>
            <TRANSFORMFIELD DATATYPE ="string" DEFAULTVALUE ="" DESCRIPTION ="" NAME ="ORDER_DATE" PICTURETEXT ="" PORTTYPE ="INPUT/OUTPUT" PRECISION ="29" SCALE ="0"/>
            <TRANSFORMFIELD DATATYPE ="string" DEFAULTVALUE ="" DESCRIPTION ="" NAME ="prod_cd" PICTURETEXT ="" PORTTYPE ="INPUT/OUTPUT" PRECISION ="10" SCALE ="0"/>
            <TRANSFORMFIELD DATATYPE ="string" DEFAULTVALUE ="" DESCRIPTION ="" NAME ="EMP_CD" PICTURETEXT ="" PORTTYPE ="INPUT/OUTPUT" PRECISION ="9" SCALE ="0"/>
            <TRANSFORMFIELD DATATYPE ="string" DEFAULTVALUE ="" DESCRIPTION ="" NAME ="RETAIL_CD" PICTURETEXT ="" PORTTYPE ="INPUT/OUTPUT" PRECISION ="10" SCALE ="0"/>
            <TRANSFORMFIELD DATATYPE ="string" DEFAULTVALUE ="" DESCRIPTION ="" NAME ="CUST_CD" PICTURETEXT ="" PORTTYPE ="INPUT/OUTPUT" PRECISION ="10" SCALE ="0"/>
            <TRANSFORMFIELD DATATYPE ="decimal" DEFAULTVALUE ="" DESCRIPTION ="" NAME ="quantity" PICTURETEXT ="" PORTTYPE ="INPUT/OUTPUT" PRECISION ="2" SCALE ="0"/>
            <TRANSFORMFIELD DATATYPE ="decimal" DEFAULTVALUE ="" DESCRIPTION ="" NAME ="AMOUNT_PAID" PICTURETEXT ="" PORTTYPE ="INPUT/OUTPUT" PRECISION ="6" SCALE ="0"/>
            <TABLEATTRIBUTE NAME ="Sql Query" VALUE =""/>
            <TABLEATTRIBUTE NAME ="User Defined Join" VALUE =""/>
            <TABLEATTRIBUTE NAME ="Source Filter" VALUE =""/>
            <TABLEATTRIBUTE NAME ="Number Of Sorted Ports" VALUE ="0"/>
            <TABLEATTRIBUTE NAME ="Tracing Level" VALUE ="Normal"/>
            <TABLEATTRIBUTE NAME ="Is Partitionable" VALUE ="NO"/>
            <TABLEATTRIBUTE NAME ="Pre SQL" VALUE =""/>
            <TABLEATTRIBUTE NAME ="Post SQL" VALUE =""/>
            <TABLEATTRIBUTE NAME ="Output is deterministic" VALUE ="NO"/>
            <TABLEATTRIBUTE NAME ="Output is repeatable" VALUE ="Never"/>
        </TRANSFORMATION>
        <TRANSFORMATION DESCRIPTION ="" NAME ="exp_date" OBJECTVERSION ="1" REUSABLE ="NO" TYPE ="Expression" VERSIONNUMBER ="1">
            <TRANSFORMFIELD DATATYPE ="string" DEFAULTVALUE ="" DESCRIPTION ="" EXPRESSION ="order_id" EXPRESSIONTYPE ="GENERAL" NAME ="order_id" PICTURETEXT ="" PORTTYPE ="INPUT/OUTPUT" PRECISION ="11" SCALE ="0"/>
            <TRANSFORMFIELD DATATYPE ="string" DEFAULTVALUE ="" DESCRIPTION ="" NAME ="ORDER_DATE" PICTURETEXT ="" PORTTYPE ="INPUT" PRECISION ="29" SCALE ="0"/>
            <TRANSFORMFIELD DATATYPE ="date/time" DEFAULTVALUE ="ERROR(&apos;transformation error&apos;)" DESCRIPTION ="" EXPRESSION ="TO_DATE(ORDER_DATE, &apos;DD/MM/YYYY&apos;)" EXPRESSIONTYPE ="GENERAL" NAME ="O_ORDER_DATE" PICTURETEXT ="" PORTTYPE ="OUTPUT" PRECISION ="29" SCALE ="9"/>
            <TRANSFORMFIELD DATATYPE ="string" DEFAULTVALUE ="" DESCRIPTION ="" EXPRESSION ="prod_cd" EXPRESSIONTYPE ="GENERAL" NAME ="prod_cd" PICTURETEXT ="" PORTTYPE ="INPUT/OUTPUT" PRECISION ="10" SCALE ="0"/>
            <TRANSFORMFIELD DATATYPE ="string" DEFAULTVALUE ="" DESCRIPTION ="" EXPRESSION ="EMP_CD" EXPRESSIONTYPE ="GENERAL" NAME ="EMP_CD" PICTURETEXT ="" PORTTYPE ="INPUT/OUTPUT" PRECISION ="9" SCALE ="0"/>
            <TRANSFORMFIELD DATATYPE ="string" DEFAULTVALUE ="" DESCRIPTION ="" EXPRESSION ="RETAIL_CD" EXPRESSIONTYPE ="GENERAL" NAME ="RETAIL_CD" PICTURETEXT ="" PORTTYPE ="INPUT/OUTPUT" PRECISION ="10" SCALE ="0"/>
            <TRANSFORMFIELD DATATYPE ="string" DEFAULTVALUE ="" DESCRIPTION ="" EXPRESSION ="CUST_CD" EXPRESSIONTYPE ="GENERAL" NAME ="CUST_CD" PICTURETEXT ="" PORTTYPE ="INPUT/OUTPUT" PRECISION ="10" SCALE ="0"/>
            <TRANSFORMFIELD DATATYPE ="decimal" DEFAULTVALUE ="" DESCRIPTION ="" EXPRESSION ="quantity" EXPRESSIONTYPE ="GENERAL" NAME ="quantity" PICTURETEXT ="" PORTTYPE ="INPUT/OUTPUT" PRECISION ="2" SCALE ="0"/>
            <TRANSFORMFIELD DATATYPE ="decimal" DEFAULTVALUE ="" DESCRIPTION ="" EXPRESSION ="AMOUNT_PAID" EXPRESSIONTYPE ="GENERAL" NAME ="AMOUNT_PAID" PICTURETEXT ="" PORTTYPE ="INPUT/OUTPUT" PRECISION ="6" SCALE ="0"/>
            <TABLEATTRIBUTE NAME ="Tracing Level" VALUE ="Normal"/>
        </TRANSFORMATION>
        <INSTANCE DESCRIPTION ="" NAME ="STG_SALES_" TRANSFORMATION_NAME ="STG_SALES_" TRANSFORMATION_TYPE ="Target Definition" TYPE ="TARGET"/>
        <INSTANCE DBDNAME ="FlatFile" DESCRIPTION ="" NAME ="SALES_DATA" TRANSFORMATION_NAME ="SALES_DATA" TRANSFORMATION_TYPE ="Source Definition" TYPE ="SOURCE"/>
        <INSTANCE DESCRIPTION ="" NAME ="SQ_SALES_DATA" REUSABLE ="NO" TRANSFORMATION_NAME ="SQ_SALES_DATA" TRANSFORMATION_TYPE ="Source Qualifier" TYPE ="TRANSFORMATION">
            <ASSOCIATED_SOURCE_INSTANCE NAME ="SALES_DATA"/>
        </INSTANCE>
        <INSTANCE DESCRIPTION ="" NAME ="exp_date" REUSABLE ="NO" TRANSFORMATION_NAME ="exp_date" TRANSFORMATION_TYPE ="Expression" TYPE ="TRANSFORMATION"/>
        <CONNECTOR FROMFIELD ="order_id" FROMINSTANCE ="exp_date" FROMINSTANCETYPE ="Expression" TOFIELD ="ORDER_ID" TOINSTANCE ="STG_SALES_" TOINSTANCETYPE ="Target Definition"/>
        <CONNECTOR FROMFIELD ="O_ORDER_DATE" FROMINSTANCE ="exp_date" FROMINSTANCETYPE ="Expression" TOFIELD ="ORDER_DATE" TOINSTANCE ="STG_SALES_" TOINSTANCETYPE ="Target Definition"/>
        <CONNECTOR FROMFIELD ="prod_cd" FROMINSTANCE ="exp_date" FROMINSTANCETYPE ="Expression" TOFIELD ="PROD_CD" TOINSTANCE ="STG_SALES_" TOINSTANCETYPE ="Target Definition"/>
        <CONNECTOR FROMFIELD ="EMP_CD" FROMINSTANCE ="exp_date" FROMINSTANCETYPE ="Expression" TOFIELD ="EMP_CD" TOINSTANCE ="STG_SALES_" TOINSTANCETYPE ="Target Definition"/>
        <CONNECTOR FROMFIELD ="RETAIL_CD" FROMINSTANCE ="exp_date" FROMINSTANCETYPE ="Expression" TOFIELD ="RETAIL_CD" TOINSTANCE ="STG_SALES_" TOINSTANCETYPE ="Target Definition"/>
        <CONNECTOR FROMFIELD ="CUST_CD" FROMINSTANCE ="exp_date" FROMINSTANCETYPE ="Expression" TOFIELD ="CUST_CD" TOINSTANCE ="STG_SALES_" TOINSTANCETYPE ="Target Definition"/>
        <CONNECTOR FROMFIELD ="quantity" FROMINSTANCE ="exp_date" FROMINSTANCETYPE ="Expression" TOFIELD ="QUANTITY" TOINSTANCE ="STG_SALES_" TOINSTANCETYPE ="Target Definition"/>
        <CONNECTOR FROMFIELD ="AMOUNT_PAID" FROMINSTANCE ="exp_date" FROMINSTANCETYPE ="Expression" TOFIELD ="AMOUNT_PAID" TOINSTANCE ="STG_SALES_" TOINSTANCETYPE ="Target Definition"/>
        <CONNECTOR FROMFIELD ="order_id" FROMINSTANCE ="SALES_DATA" FROMINSTANCETYPE ="Source Definition" TOFIELD ="order_id" TOINSTANCE ="SQ_SALES_DATA" TOINSTANCETYPE ="Source Qualifier"/>
        <CONNECTOR FROMFIELD ="ORDER_DATE" FROMINSTANCE ="SALES_DATA" FROMINSTANCETYPE ="Source Definition" TOFIELD ="ORDER_DATE" TOINSTANCE ="SQ_SALES_DATA" TOINSTANCETYPE ="Source Qualifier"/>
        <CONNECTOR FROMFIELD ="prod_cd" FROMINSTANCE ="SALES_DATA" FROMINSTANCETYPE ="Source Definition" TOFIELD ="prod_cd" TOINSTANCE ="SQ_SALES_DATA" TOINSTANCETYPE ="Source Qualifier"/>
        <CONNECTOR FROMFIELD ="EMP_CD" FROMINSTANCE ="SALES_DATA" FROMINSTANCETYPE ="Source Definition" TOFIELD ="EMP_CD" TOINSTANCE ="SQ_SALES_DATA" TOINSTANCETYPE ="Source Qualifier"/>
        <CONNECTOR FROMFIELD ="RETAIL_CD" FROMINSTANCE ="SALES_DATA" FROMINSTANCETYPE ="Source Definition" TOFIELD ="RETAIL_CD" TOINSTANCE ="SQ_SALES_DATA" TOINSTANCETYPE ="Source Qualifier"/>
        <CONNECTOR FROMFIELD ="CUST_CD" FROMINSTANCE ="SALES_DATA" FROMINSTANCETYPE ="Source Definition" TOFIELD ="CUST_CD" TOINSTANCE ="SQ_SALES_DATA" TOINSTANCETYPE ="Source Qualifier"/>
        <CONNECTOR FROMFIELD ="quantity" FROMINSTANCE ="SALES_DATA" FROMINSTANCETYPE ="Source Definition" TOFIELD ="quantity" TOINSTANCE ="SQ_SALES_DATA" TOINSTANCETYPE ="Source Qualifier"/>
        <CONNECTOR FROMFIELD ="AMOUNT_PAID" FROMINSTANCE ="SALES_DATA" FROMINSTANCETYPE ="Source Definition" TOFIELD ="AMOUNT_PAID" TOINSTANCE ="SQ_SALES_DATA" TOINSTANCETYPE ="Source Qualifier"/>
        <CONNECTOR FROMFIELD ="order_id" FROMINSTANCE ="SQ_SALES_DATA" FROMINSTANCETYPE ="Source Qualifier" TOFIELD ="order_id" TOINSTANCE ="exp_date" TOINSTANCETYPE ="Expression"/>
        <CONNECTOR FROMFIELD ="ORDER_DATE" FROMINSTANCE ="SQ_SALES_DATA" FROMINSTANCETYPE ="Source Qualifier" TOFIELD ="ORDER_DATE" TOINSTANCE ="exp_date" TOINSTANCETYPE ="Expression"/>
        <CONNECTOR FROMFIELD ="prod_cd" FROMINSTANCE ="SQ_SALES_DATA" FROMINSTANCETYPE ="Source Qualifier" TOFIELD ="prod_cd" TOINSTANCE ="exp_date" TOINSTANCETYPE ="Expression"/>
        <CONNECTOR FROMFIELD ="EMP_CD" FROMINSTANCE ="SQ_SALES_DATA" FROMINSTANCETYPE ="Source Qualifier" TOFIELD ="EMP_CD" TOINSTANCE ="exp_date" TOINSTANCETYPE ="Expression"/>
        <CONNECTOR FROMFIELD ="RETAIL_CD" FROMINSTANCE ="SQ_SALES_DATA" FROMINSTANCETYPE ="Source Qualifier" TOFIELD ="RETAIL_CD" TOINSTANCE ="exp_date" TOINSTANCETYPE ="Expression"/>
        <CONNECTOR FROMFIELD ="CUST_CD" FROMINSTANCE ="SQ_SALES_DATA" FROMINSTANCETYPE ="Source Qualifier" TOFIELD ="CUST_CD" TOINSTANCE ="exp_date" TOINSTANCETYPE ="Expression"/>
        <CONNECTOR FROMFIELD ="quantity" FROMINSTANCE ="SQ_SALES_DATA" FROMINSTANCETYPE ="Source Qualifier" TOFIELD ="quantity" TOINSTANCE ="exp_date" TOINSTANCETYPE ="Expression"/>
        <CONNECTOR FROMFIELD ="AMOUNT_PAID" FROMINSTANCE ="SQ_SALES_DATA" FROMINSTANCETYPE ="Source Qualifier" TOFIELD ="AMOUNT_PAID" TOINSTANCE ="exp_date" TOINSTANCETYPE ="Expression"/>
        <TARGETLOADORDER ORDER ="1" TARGETINSTANCE ="STG_SALES_"/>
        <ERPINFO/>
    </MAPPING>
</FOLDER>
</REPOSITORY>
</POWERMART>