<?xml version="1.0" encoding="Windows-1252"?>
<!DOCTYPE POWERMART SYSTEM "powrmart.dtd">
<POWERMART CREATION_DATE="11/28/2024 10:06:02" REPOSITORY_VERSION="187.96">
<REPOSITORY NAME="INFA_DEV_REP" VERSION="187" CODEPAGE="MS1252" DATABASETYPE="Microsoft SQL Server">
<FOLDER NAME="DEV_PRACTICE" GROUP="" OWNER="Administrator" SHARED="NOTSHARED" DESCRIPTION="" PERMISSIONS="rwx---r--" UUID="0aa9f3aa-4ace-4461-a3b1-161b8654cb54">
    <SOURCE BUSINESSNAME ="" DATABASETYPE ="Microsoft SQL Server" DBDNAME ="inf_ss_hr" DESCRIPTION ="" NAME ="DIM_RETAILER" OBJECTVERSION ="1" OWNERNAME ="dbo" VERSIONNUMBER ="1">
        <SOURCEFIELD BUSINESSNAME ="" DATATYPE ="int" DESCRIPTION ="" FIELDNUMBER ="1" FIELDPROPERTY ="0" FIELDTYPE ="ELEMITEM" HIDDEN ="NO" KEYTYPE ="PRIMARY KEY" LENGTH ="11" LEVEL ="0" NAME ="RETAILER_ID" NULLABLE ="NOTNULL" OCCURS ="0" OFFSET ="0" PHYSICALLENGTH ="10" PHYSICALOFFSET ="0" PICTURETEXT ="" PRECISION ="10" SCALE ="0" USAGE_FLAGS =""/>
        <SOURCEFIELD BUSINESSNAME ="" DATATYPE ="int" DESCRIPTION ="" FIELDNUMBER ="2" FIELDPROPERTY ="0" FIELDTYPE ="ELEMITEM" HIDDEN ="NO" KEYTYPE ="NOT A KEY" LENGTH ="11" LEVEL ="0" NAME ="RETAILER_REGION_ID" NULLABLE ="NOTNULL" OCCURS ="0" OFFSET ="11" PHYSICALLENGTH ="10" PHYSICALOFFSET ="10" PICTURETEXT ="" PRECISION ="10" SCALE ="0" USAGE_FLAGS =""/>
        <SOURCEFIELD BUSINESSNAME ="" DATATYPE ="varchar" DESCRIPTION ="" FIELDNUMBER ="3" FIELDPROPERTY ="0" FIELDTYPE ="ELEMITEM" HIDDEN ="NO" KEYTYPE ="NOT A KEY" LENGTH ="0" LEVEL ="0" NAME ="RETAILER_CD" NULLABLE ="NOTNULL" OCCURS ="0" OFFSET ="22" PHYSICALLENGTH ="100" PHYSICALOFFSET ="20" PICTURETEXT ="" PRECISION ="100" SCALE ="0" USAGE_FLAGS =""/>
        <SOURCEFIELD BUSINESSNAME ="" DATATYPE ="varchar" DESCRIPTION ="" FIELDNUMBER ="4" FIELDPROPERTY ="0" FIELDTYPE ="ELEMITEM" HIDDEN ="NO" KEYTYPE ="NOT A KEY" LENGTH ="0" LEVEL ="0" NAME ="RETAILER_ADDRESS" NULLABLE ="NOTNULL" OCCURS ="0" OFFSET ="22" PHYSICALLENGTH ="100" PHYSICALOFFSET ="120" PICTURETEXT ="" PRECISION ="100" SCALE ="0" USAGE_FLAGS =""/>
        <SOURCEFIELD BUSINESSNAME ="" DATATYPE ="datetime" DESCRIPTION ="" FIELDNUMBER ="5" FIELDPROPERTY ="0" FIELDTYPE ="ELEMITEM" HIDDEN ="NO" KEYTYPE ="NOT A KEY" LENGTH ="19" LEVEL ="0" NAME ="create_date" NULLABLE ="NULL" OCCURS ="0" OFFSET ="22" PHYSICALLENGTH ="23" PHYSICALOFFSET ="220" PICTURETEXT ="" PRECISION ="23" SCALE ="3" USAGE_FLAGS =""/>
        <SOURCEFIELD BUSINESSNAME ="" DATATYPE ="datetime" DESCRIPTION ="" FIELDNUMBER ="6" FIELDPROPERTY ="0" FIELDTYPE ="ELEMITEM" HIDDEN ="NO" KEYTYPE ="NOT A KEY" LENGTH ="19" LEVEL ="0" NAME ="update_date" NULLABLE ="NULL" OCCURS ="0" OFFSET ="41" PHYSICALLENGTH ="23" PHYSICALOFFSET ="243" PICTURETEXT ="" PRECISION ="23" SCALE ="3" USAGE_FLAGS =""/>
    </SOURCE>
    <SOURCE BUSINESSNAME ="" DATABASETYPE ="Microsoft SQL Server" DBDNAME ="inf_ss_hr" DESCRIPTION ="" NAME ="STG_RETAIL_STORE" OBJECTVERSION ="1" OWNERNAME ="dbo" VERSIONNUMBER ="1">
        <SOURCEFIELD BUSINESSNAME ="" DATATYPE ="varchar" DESCRIPTION ="" FIELDNUMBER ="1" FIELDPROPERTY ="0" FIELDTYPE ="ELEMITEM" HIDDEN ="NO" KEYTYPE ="NOT A KEY" LENGTH ="0" LEVEL ="0" NAME ="RETAIL_CD" NULLABLE ="NOTNULL" OCCURS ="0" OFFSET ="0" PHYSICALLENGTH ="100" PHYSICALOFFSET ="0" PICTURETEXT ="" PRECISION ="100" SCALE ="0" USAGE_FLAGS =""/>
        <SOURCEFIELD BUSINESSNAME ="" DATATYPE ="varchar" DESCRIPTION ="" FIELDNUMBER ="2" FIELDPROPERTY ="0" FIELDTYPE ="ELEMITEM" HIDDEN ="NO" KEYTYPE ="NOT A KEY" LENGTH ="0" LEVEL ="0" NAME ="RETAIL_NAME" NULLABLE ="NOTNULL" OCCURS ="0" OFFSET ="0" PHYSICALLENGTH ="100" PHYSICALOFFSET ="100" PICTURETEXT ="" PRECISION ="100" SCALE ="0" USAGE_FLAGS =""/>
        <SOURCEFIELD BUSINESSNAME ="" DATATYPE ="varchar" DESCRIPTION ="" FIELDNUMBER ="3" FIELDPROPERTY ="0" FIELDTYPE ="ELEMITEM" HIDDEN ="NO" KEYTYPE ="NOT A KEY" LENGTH ="0" LEVEL ="0" NAME ="RETAIL_ADDRESS" NULLABLE ="NOTNULL" OCCURS ="0" OFFSET ="0" PHYSICALLENGTH ="100" PHYSICALOFFSET ="200" PICTURETEXT ="" PRECISION ="100" SCALE ="0" USAGE_FLAGS =""/>
        <SOURCEFIELD BUSINESSNAME ="" DATATYPE ="varchar" DESCRIPTION ="" FIELDNUMBER ="4" FIELDPROPERTY ="0" FIELDTYPE ="ELEMITEM" HIDDEN ="NO" KEYTYPE ="NOT A KEY" LENGTH ="0" LEVEL ="0" NAME ="RETAIL_REGION" NULLABLE ="NOTNULL" OCCURS ="0" OFFSET ="0" PHYSICALLENGTH ="100" PHYSICALOFFSET ="300" PICTURETEXT ="" PRECISION ="100" SCALE ="0" USAGE_FLAGS =""/>
    </SOURCE>
    <TARGET BUSINESSNAME ="" CONSTRAINT ="" DATABASETYPE ="Microsoft SQL Server" DESCRIPTION ="" NAME ="DIM_REGION" OBJECTVERSION ="1" TABLEOPTIONS ="" VERSIONNUMBER ="1">
        <TARGETFIELD BUSINESSNAME ="" DATATYPE ="int" DESCRIPTION ="" FIELDNUMBER ="1" KEYTYPE ="PRIMARY KEY" NAME ="REGION_ID" NULLABLE ="NOTNULL" PICTURETEXT ="" PRECISION ="10" SCALE ="0"/>
        <TARGETFIELD BUSINESSNAME ="" DATATYPE ="varchar" DESCRIPTION ="" FIELDNUMBER ="2" KEYTYPE ="NOT A KEY" NAME ="REGION_CD" NULLABLE ="NOTNULL" PICTURETEXT ="" PRECISION ="100" SCALE ="0"/>
        <TARGETFIELD BUSINESSNAME ="" DATATYPE ="varchar" DESCRIPTION ="" FIELDNUMBER ="3" KEYTYPE ="NOT A KEY" NAME ="REGION_NAME" NULLABLE ="NOTNULL" PICTURETEXT ="" PRECISION ="100" SCALE ="0"/>
        <TARGETFIELD BUSINESSNAME ="" DATATYPE ="datetime" DESCRIPTION ="" FIELDNUMBER ="4" KEYTYPE ="NOT A KEY" NAME ="create_date" NULLABLE ="NULL" PICTURETEXT ="" PRECISION ="23" SCALE ="3"/>
        <TARGETFIELD BUSINESSNAME ="" DATATYPE ="datetime" DESCRIPTION ="" FIELDNUMBER ="5" KEYTYPE ="NOT A KEY" NAME ="update_date" NULLABLE ="NULL" PICTURETEXT ="" PRECISION ="23" SCALE ="3"/>
    </TARGET>
    <MAPPING DESCRIPTION ="" ISVALID ="YES" NAME ="m_dim_region" OBJECTVERSION ="1" VERSIONNUMBER ="1">
        <TRANSFORMATION DESCRIPTION ="" NAME ="SQ_STG_RETAIL_STORE" OBJECTVERSION ="1" REUSABLE ="NO" TYPE ="Source Qualifier" VERSIONNUMBER ="1">
            <TRANSFORMFIELD DATATYPE ="string" DEFAULTVALUE ="" DESCRIPTION ="" NAME ="RETAIL_CD" PICTURETEXT ="" PORTTYPE ="INPUT/OUTPUT" PRECISION ="100" SCALE ="0"/>
            <TRANSFORMFIELD DATATYPE ="string" DEFAULTVALUE ="" DESCRIPTION ="" NAME ="RETAIL_NAME" PICTURETEXT ="" PORTTYPE ="INPUT/OUTPUT" PRECISION ="100" SCALE ="0"/>
            <TRANSFORMFIELD DATATYPE ="string" DEFAULTVALUE ="" DESCRIPTION ="" NAME ="RETAIL_ADDRESS" PICTURETEXT ="" PORTTYPE ="INPUT/OUTPUT" PRECISION ="100" SCALE ="0"/>
            <TRANSFORMFIELD DATATYPE ="string" DEFAULTVALUE ="" DESCRIPTION ="" NAME ="RETAIL_REGION" PICTURETEXT ="" PORTTYPE ="INPUT/OUTPUT" PRECISION ="100" SCALE ="0"/>
            <TABLEATTRIBUTE NAME ="Sql Query" VALUE =""/>
            <TABLEATTRIBUTE NAME ="User Defined Join" VALUE =""/>
            <TABLEATTRIBUTE NAME ="Source Filter" VALUE =""/>
            <TABLEATTRIBUTE NAME ="Number Of Sorted Ports" VALUE ="0"/>
            <TABLEATTRIBUTE NAME ="Tracing Level" VALUE ="Normal"/>
            <TABLEATTRIBUTE NAME ="Select Distinct" VALUE ="NO"/>
            <TABLEATTRIBUTE NAME ="Is Partitionable" VALUE ="NO"/>
            <TABLEATTRIBUTE NAME ="Pre SQL" VALUE =""/>
            <TABLEATTRIBUTE NAME ="Post SQL" VALUE =""/>
            <TABLEATTRIBUTE NAME ="Output is deterministic" VALUE ="NO"/>
            <TABLEATTRIBUTE NAME ="Output is repeatable" VALUE ="Never"/>
        </TRANSFORMATION>
        <TRANSFORMATION DESCRIPTION ="" NAME ="SQ_DIM_RETAILER" OBJECTVERSION ="1" REUSABLE ="NO" TYPE ="Source Qualifier" VERSIONNUMBER ="1">
            <TRANSFORMFIELD DATATYPE ="integer" DEFAULTVALUE ="" DESCRIPTION ="" NAME ="RETAILER_ID" PICTURETEXT ="" PORTTYPE ="INPUT/OUTPUT" PRECISION ="10" SCALE ="0"/>
            <TRANSFORMFIELD DATATYPE ="integer" DEFAULTVALUE ="" DESCRIPTION ="" NAME ="RETAILER_REGION_ID" PICTURETEXT ="" PORTTYPE ="INPUT/OUTPUT" PRECISION ="10" SCALE ="0"/>
            <TRANSFORMFIELD DATATYPE ="string" DEFAULTVALUE ="" DESCRIPTION ="" NAME ="RETAILER_CD" PICTURETEXT ="" PORTTYPE ="INPUT/OUTPUT" PRECISION ="100" SCALE ="0"/>
            <TRANSFORMFIELD DATATYPE ="string" DEFAULTVALUE ="" DESCRIPTION ="" NAME ="RETAILER_ADDRESS" PICTURETEXT ="" PORTTYPE ="INPUT/OUTPUT" PRECISION ="100" SCALE ="0"/>
            <TRANSFORMFIELD DATATYPE ="date/time" DEFAULTVALUE ="" DESCRIPTION ="" NAME ="create_date" PICTURETEXT ="" PORTTYPE ="INPUT/OUTPUT" PRECISION ="29" SCALE ="9"/>
            <TRANSFORMFIELD DATATYPE ="date/time" DEFAULTVALUE ="" DESCRIPTION ="" NAME ="update_date" PICTURETEXT ="" PORTTYPE ="INPUT/OUTPUT" PRECISION ="29" SCALE ="9"/>
            <TABLEATTRIBUTE NAME ="Sql Query" VALUE =""/>
            <TABLEATTRIBUTE NAME ="User Defined Join" VALUE =""/>
            <TABLEATTRIBUTE NAME ="Source Filter" VALUE =""/>
            <TABLEATTRIBUTE NAME ="Number Of Sorted Ports" VALUE ="0"/>
            <TABLEATTRIBUTE NAME ="Tracing Level" VALUE ="Normal"/>
            <TABLEATTRIBUTE NAME ="Select Distinct" VALUE ="NO"/>
            <TABLEATTRIBUTE NAME ="Is Partitionable" VALUE ="NO"/>
            <TABLEATTRIBUTE NAME ="Pre SQL" VALUE =""/>
            <TABLEATTRIBUTE NAME ="Post SQL" VALUE =""/>
            <TABLEATTRIBUTE NAME ="Output is deterministic" VALUE ="NO"/>
            <TABLEATTRIBUTE NAME ="Output is repeatable" VALUE ="Never"/>
        </TRANSFORMATION>
        <TRANSFORMATION DESCRIPTION ="" NAME ="exp_region" OBJECTVERSION ="1" REUSABLE ="NO" TYPE ="Expression" VERSIONNUMBER ="1">
            <TRANSFORMFIELD DATATYPE ="string" DEFAULTVALUE ="" DESCRIPTION ="" EXPRESSION ="RETAIL_REGION" EXPRESSIONTYPE ="GENERAL" NAME ="RETAIL_REGION" PICTURETEXT ="" PORTTYPE ="INPUT/OUTPUT" PRECISION ="100" SCALE ="0"/>
            <TRANSFORMFIELD DATATYPE ="string" DEFAULTVALUE ="" DESCRIPTION ="" EXPRESSION ="RETAIL_CD" EXPRESSIONTYPE ="GENERAL" NAME ="RETAIL_CD" PICTURETEXT ="" PORTTYPE ="INPUT/OUTPUT" PRECISION ="100" SCALE ="0"/>
            <TRANSFORMFIELD DATATYPE ="integer" DEFAULTVALUE ="" DESCRIPTION ="" EXPRESSION ="RETAILER_REGION_ID" EXPRESSIONTYPE ="GENERAL" NAME ="RETAILER_REGION_ID" PICTURETEXT ="" PORTTYPE ="INPUT/OUTPUT" PRECISION ="10" SCALE ="0"/>
            <TRANSFORMFIELD DATATYPE ="date/time" DEFAULTVALUE ="ERROR(&apos;transformation error&apos;)" DESCRIPTION ="" EXPRESSION ="SYSDATE&#xD;&#xA;" EXPRESSIONTYPE ="GENERAL" NAME ="create_date" PICTURETEXT ="" PORTTYPE ="OUTPUT" PRECISION ="29" SCALE ="9"/>
            <TRANSFORMFIELD DATATYPE ="date/time" DEFAULTVALUE ="ERROR(&apos;transformation error&apos;)" DESCRIPTION ="" EXPRESSION ="SYSDATE" EXPRESSIONTYPE ="GENERAL" NAME ="update_date" PICTURETEXT ="" PORTTYPE ="OUTPUT" PRECISION ="29" SCALE ="9"/>
            <TABLEATTRIBUTE NAME ="Tracing Level" VALUE ="Normal"/>
        </TRANSFORMATION>
        <TRANSFORMATION DESCRIPTION ="" NAME ="j_region_retailer" OBJECTVERSION ="1" REUSABLE ="NO" TYPE ="Joiner" VERSIONNUMBER ="1">
            <TRANSFORMFIELD DATATYPE ="string" DEFAULTVALUE ="" DESCRIPTION ="" NAME ="RETAIL_REGION" PICTURETEXT ="" PORTTYPE ="INPUT/OUTPUT" PRECISION ="100" SCALE ="0"/>
            <TRANSFORMFIELD DATATYPE ="string" DEFAULTVALUE ="" DESCRIPTION ="" NAME ="RETAIL_CD" PICTURETEXT ="" PORTTYPE ="INPUT/OUTPUT" PRECISION ="100" SCALE ="0"/>
            <TRANSFORMFIELD DATATYPE ="string" DEFAULTVALUE ="" DESCRIPTION ="" NAME ="RETAILER_CD" PICTURETEXT ="" PORTTYPE ="INPUT/OUTPUT/MASTER" PRECISION ="100" SCALE ="0"/>
            <TRANSFORMFIELD DATATYPE ="integer" DEFAULTVALUE ="" DESCRIPTION ="" NAME ="RETAILER_REGION_ID" PICTURETEXT ="" PORTTYPE ="INPUT/OUTPUT/MASTER" PRECISION ="10" SCALE ="0"/>
            <TABLEATTRIBUTE NAME ="Case Sensitive String Comparison" VALUE ="YES"/>
            <TABLEATTRIBUTE NAME ="Cache Directory" VALUE ="$PMCacheDir"/>
            <TABLEATTRIBUTE NAME ="Join Condition" VALUE ="RETAILER_CD = RETAIL_CD"/>
            <TABLEATTRIBUTE NAME ="Join Type" VALUE ="Normal Join"/>
            <TABLEATTRIBUTE NAME ="Null ordering in master" VALUE ="Null Is Highest Value"/>
            <TABLEATTRIBUTE NAME ="Null ordering in detail" VALUE ="Null Is Highest Value"/>
            <TABLEATTRIBUTE NAME ="Tracing Level" VALUE ="Normal"/>
            <TABLEATTRIBUTE NAME ="Joiner Data Cache Size" VALUE ="Auto"/>
            <TABLEATTRIBUTE NAME ="Joiner Index Cache Size" VALUE ="Auto"/>
            <TABLEATTRIBUTE NAME ="Sorted Input" VALUE ="NO"/>
            <TABLEATTRIBUTE NAME ="Master Sort Order" VALUE ="Auto"/>
            <TABLEATTRIBUTE NAME ="Transformation Scope" VALUE ="All Input"/>
        </TRANSFORMATION>
        <INSTANCE DESCRIPTION ="" NAME ="DIM_REGION" TRANSFORMATION_NAME ="DIM_REGION" TRANSFORMATION_TYPE ="Target Definition" TYPE ="TARGET"/>
        <INSTANCE DBDNAME ="inf_ss_hr" DESCRIPTION ="" NAME ="STG_RETAIL_STORE" TRANSFORMATION_NAME ="STG_RETAIL_STORE" TRANSFORMATION_TYPE ="Source Definition" TYPE ="SOURCE"/>
        <INSTANCE DESCRIPTION ="" NAME ="SQ_STG_RETAIL_STORE" REUSABLE ="NO" TRANSFORMATION_NAME ="SQ_STG_RETAIL_STORE" TRANSFORMATION_TYPE ="Source Qualifier" TYPE ="TRANSFORMATION">
            <ASSOCIATED_SOURCE_INSTANCE NAME ="STG_RETAIL_STORE"/>
        </INSTANCE>
        <INSTANCE DBDNAME ="inf_ss_hr" DESCRIPTION ="" NAME ="DIM_RETAILER" TRANSFORMATION_NAME ="DIM_RETAILER" TRANSFORMATION_TYPE ="Source Definition" TYPE ="SOURCE"/>
        <INSTANCE DESCRIPTION ="" NAME ="SQ_DIM_RETAILER" REUSABLE ="NO" TRANSFORMATION_NAME ="SQ_DIM_RETAILER" TRANSFORMATION_TYPE ="Source Qualifier" TYPE ="TRANSFORMATION">
            <ASSOCIATED_SOURCE_INSTANCE NAME ="DIM_RETAILER"/>
        </INSTANCE>
        <INSTANCE DESCRIPTION ="" NAME ="exp_region" REUSABLE ="NO" TRANSFORMATION_NAME ="exp_region" TRANSFORMATION_TYPE ="Expression" TYPE ="TRANSFORMATION"/>
        <INSTANCE DESCRIPTION ="" NAME ="j_region_retailer" REUSABLE ="NO" TRANSFORMATION_NAME ="j_region_retailer" TRANSFORMATION_TYPE ="Joiner" TYPE ="TRANSFORMATION"/>
        <CONNECTOR FROMFIELD ="RETAIL_CD" FROMINSTANCE ="exp_region" FROMINSTANCETYPE ="Expression" TOFIELD ="REGION_CD" TOINSTANCE ="DIM_REGION" TOINSTANCETYPE ="Target Definition"/>
        <CONNECTOR FROMFIELD ="RETAIL_REGION" FROMINSTANCE ="exp_region" FROMINSTANCETYPE ="Expression" TOFIELD ="REGION_NAME" TOINSTANCE ="DIM_REGION" TOINSTANCETYPE ="Target Definition"/>
        <CONNECTOR FROMFIELD ="create_date" FROMINSTANCE ="exp_region" FROMINSTANCETYPE ="Expression" TOFIELD ="create_date" TOINSTANCE ="DIM_REGION" TOINSTANCETYPE ="Target Definition"/>
        <CONNECTOR FROMFIELD ="update_date" FROMINSTANCE ="exp_region" FROMINSTANCETYPE ="Expression" TOFIELD ="update_date" TOINSTANCE ="DIM_REGION" TOINSTANCETYPE ="Target Definition"/>
        <CONNECTOR FROMFIELD ="RETAILER_REGION_ID" FROMINSTANCE ="exp_region" FROMINSTANCETYPE ="Expression" TOFIELD ="REGION_ID" TOINSTANCE ="DIM_REGION" TOINSTANCETYPE ="Target Definition"/>
        <CONNECTOR FROMFIELD ="RETAIL_CD" FROMINSTANCE ="STG_RETAIL_STORE" FROMINSTANCETYPE ="Source Definition" TOFIELD ="RETAIL_CD" TOINSTANCE ="SQ_STG_RETAIL_STORE" TOINSTANCETYPE ="Source Qualifier"/>
        <CONNECTOR FROMFIELD ="RETAIL_NAME" FROMINSTANCE ="STG_RETAIL_STORE" FROMINSTANCETYPE ="Source Definition" TOFIELD ="RETAIL_NAME" TOINSTANCE ="SQ_STG_RETAIL_STORE" TOINSTANCETYPE ="Source Qualifier"/>
        <CONNECTOR FROMFIELD ="RETAIL_ADDRESS" FROMINSTANCE ="STG_RETAIL_STORE" FROMINSTANCETYPE ="Source Definition" TOFIELD ="RETAIL_ADDRESS" TOINSTANCE ="SQ_STG_RETAIL_STORE" TOINSTANCETYPE ="Source Qualifier"/>
        <CONNECTOR FROMFIELD ="RETAIL_REGION" FROMINSTANCE ="STG_RETAIL_STORE" FROMINSTANCETYPE ="Source Definition" TOFIELD ="RETAIL_REGION" TOINSTANCE ="SQ_STG_RETAIL_STORE" TOINSTANCETYPE ="Source Qualifier"/>
        <CONNECTOR FROMFIELD ="RETAIL_REGION" FROMINSTANCE ="SQ_STG_RETAIL_STORE" FROMINSTANCETYPE ="Source Qualifier" TOFIELD ="RETAIL_REGION" TOINSTANCE ="j_region_retailer" TOINSTANCETYPE ="Joiner"/>
        <CONNECTOR FROMFIELD ="RETAIL_CD" FROMINSTANCE ="SQ_STG_RETAIL_STORE" FROMINSTANCETYPE ="Source Qualifier" TOFIELD ="RETAIL_CD" TOINSTANCE ="j_region_retailer" TOINSTANCETYPE ="Joiner"/>
        <CONNECTOR FROMFIELD ="RETAILER_ID" FROMINSTANCE ="DIM_RETAILER" FROMINSTANCETYPE ="Source Definition" TOFIELD ="RETAILER_ID" TOINSTANCE ="SQ_DIM_RETAILER" TOINSTANCETYPE ="Source Qualifier"/>
        <CONNECTOR FROMFIELD ="RETAILER_REGION_ID" FROMINSTANCE ="DIM_RETAILER" FROMINSTANCETYPE ="Source Definition" TOFIELD ="RETAILER_REGION_ID" TOINSTANCE ="SQ_DIM_RETAILER" TOINSTANCETYPE ="Source Qualifier"/>
        <CONNECTOR FROMFIELD ="RETAILER_CD" FROMINSTANCE ="DIM_RETAILER" FROMINSTANCETYPE ="Source Definition" TOFIELD ="RETAILER_CD" TOINSTANCE ="SQ_DIM_RETAILER" TOINSTANCETYPE ="Source Qualifier"/>
        <CONNECTOR FROMFIELD ="RETAILER_ADDRESS" FROMINSTANCE ="DIM_RETAILER" FROMINSTANCETYPE ="Source Definition" TOFIELD ="RETAILER_ADDRESS" TOINSTANCE ="SQ_DIM_RETAILER" TOINSTANCETYPE ="Source Qualifier"/>
        <CONNECTOR FROMFIELD ="create_date" FROMINSTANCE ="DIM_RETAILER" FROMINSTANCETYPE ="Source Definition" TOFIELD ="create_date" TOINSTANCE ="SQ_DIM_RETAILER" TOINSTANCETYPE ="Source Qualifier"/>
        <CONNECTOR FROMFIELD ="update_date" FROMINSTANCE ="DIM_RETAILER" FROMINSTANCETYPE ="Source Definition" TOFIELD ="update_date" TOINSTANCE ="SQ_DIM_RETAILER" TOINSTANCETYPE ="Source Qualifier"/>
        <CONNECTOR FROMFIELD ="RETAILER_CD" FROMINSTANCE ="SQ_DIM_RETAILER" FROMINSTANCETYPE ="Source Qualifier" TOFIELD ="RETAILER_CD" TOINSTANCE ="j_region_retailer" TOINSTANCETYPE ="Joiner"/>
        <CONNECTOR FROMFIELD ="RETAILER_REGION_ID" FROMINSTANCE ="SQ_DIM_RETAILER" FROMINSTANCETYPE ="Source Qualifier" TOFIELD ="RETAILER_REGION_ID" TOINSTANCE ="j_region_retailer" TOINSTANCETYPE ="Joiner"/>
        <CONNECTOR FROMFIELD ="RETAILER_CD" FROMINSTANCE ="j_region_retailer" FROMINSTANCETYPE ="Joiner" TOFIELD ="RETAIL_CD" TOINSTANCE ="exp_region" TOINSTANCETYPE ="Expression"/>
        <CONNECTOR FROMFIELD ="RETAILER_REGION_ID" FROMINSTANCE ="j_region_retailer" FROMINSTANCETYPE ="Joiner" TOFIELD ="RETAILER_REGION_ID" TOINSTANCE ="exp_region" TOINSTANCETYPE ="Expression"/>
        <CONNECTOR FROMFIELD ="RETAIL_REGION" FROMINSTANCE ="j_region_retailer" FROMINSTANCETYPE ="Joiner" TOFIELD ="RETAIL_REGION" TOINSTANCE ="exp_region" TOINSTANCETYPE ="Expression"/>
        <TARGETLOADORDER ORDER ="1" TARGETINSTANCE ="DIM_REGION"/>
        <ERPINFO/>
    </MAPPING>
</FOLDER>
</REPOSITORY>
</POWERMART>