<?xml version="1.0" encoding="Windows-1252"?>
<!DOCTYPE POWERMART SYSTEM "powrmart.dtd">
<POWERMART CREATION_DATE="11/28/2024 10:05:02" REPOSITORY_VERSION="187.96">
<REPOSITORY NAME="INFA_DEV_REP" VERSION="187" CODEPAGE="MS1252" DATABASETYPE="Microsoft SQL Server">
<FOLDER NAME="DEV_PRACTICE" GROUP="" OWNER="Administrator" SHARED="NOTSHARED" DESCRIPTION="" PERMISSIONS="rwx---r--" UUID="0aa9f3aa-4ace-4461-a3b1-161b8654cb54">
    <SOURCE BUSINESSNAME ="" DATABASETYPE ="Microsoft SQL Server" DBDNAME ="inf_ss_hr" DESCRIPTION ="" NAME ="STG_CUSTOMER_DATA" OBJECTVERSION ="1" OWNERNAME ="dbo" VERSIONNUMBER ="1">
        <SOURCEFIELD BUSINESSNAME ="" DATATYPE ="varchar" DESCRIPTION ="" FIELDNUMBER ="1" FIELDPROPERTY ="0" FIELDTYPE ="ELEMITEM" HIDDEN ="NO" KEYTYPE ="NOT A KEY" LENGTH ="0" LEVEL ="0" NAME ="CUST_NAME" NULLABLE ="NOTNULL" OCCURS ="0" OFFSET ="0" PHYSICALLENGTH ="100" PHYSICALOFFSET ="0" PICTURETEXT ="" PRECISION ="100" SCALE ="0" USAGE_FLAGS =""/>
        <SOURCEFIELD BUSINESSNAME ="" DATATYPE ="varchar" DESCRIPTION ="" FIELDNUMBER ="2" FIELDPROPERTY ="0" FIELDTYPE ="ELEMITEM" HIDDEN ="NO" KEYTYPE ="NOT A KEY" LENGTH ="0" LEVEL ="0" NAME ="CUST_MOB" NULLABLE ="NOTNULL" OCCURS ="0" OFFSET ="0" PHYSICALLENGTH ="100" PHYSICALOFFSET ="100" PICTURETEXT ="" PRECISION ="100" SCALE ="0" USAGE_FLAGS =""/>
        <SOURCEFIELD BUSINESSNAME ="" DATATYPE ="varchar" DESCRIPTION ="" FIELDNUMBER ="3" FIELDPROPERTY ="0" FIELDTYPE ="ELEMITEM" HIDDEN ="NO" KEYTYPE ="NOT A KEY" LENGTH ="0" LEVEL ="0" NAME ="CUST_EMAIL" NULLABLE ="NOTNULL" OCCURS ="0" OFFSET ="0" PHYSICALLENGTH ="100" PHYSICALOFFSET ="200" PICTURETEXT ="" PRECISION ="100" SCALE ="0" USAGE_FLAGS =""/>
        <SOURCEFIELD BUSINESSNAME ="" DATATYPE ="varchar" DESCRIPTION ="" FIELDNUMBER ="4" FIELDPROPERTY ="0" FIELDTYPE ="ELEMITEM" HIDDEN ="NO" KEYTYPE ="NOT A KEY" LENGTH ="0" LEVEL ="0" NAME ="CUST_ADDR" NULLABLE ="NOTNULL" OCCURS ="0" OFFSET ="0" PHYSICALLENGTH ="100" PHYSICALOFFSET ="300" PICTURETEXT ="" PRECISION ="100" SCALE ="0" USAGE_FLAGS =""/>
    </SOURCE>
    <TARGET BUSINESSNAME ="" CONSTRAINT ="" DATABASETYPE ="Microsoft SQL Server" DESCRIPTION ="" NAME ="DIM_CUSTOMER" OBJECTVERSION ="1" TABLEOPTIONS ="" VERSIONNUMBER ="1">
        <TARGETFIELD BUSINESSNAME ="" DATATYPE ="int" DESCRIPTION ="" FIELDNUMBER ="1" KEYTYPE ="PRIMARY KEY" NAME ="CUST_ID" NULLABLE ="NOTNULL" PICTURETEXT ="" PRECISION ="10" SCALE ="0"/>
        <TARGETFIELD BUSINESSNAME ="" DATATYPE ="varchar" DESCRIPTION ="" FIELDNUMBER ="2" KEYTYPE ="NOT A KEY" NAME ="CUST_NAME" NULLABLE ="NOTNULL" PICTURETEXT ="" PRECISION ="100" SCALE ="0"/>
        <TARGETFIELD BUSINESSNAME ="" DATATYPE ="varchar" DESCRIPTION ="" FIELDNUMBER ="3" KEYTYPE ="NOT A KEY" NAME ="CUSR_ADDRESS" NULLABLE ="NOTNULL" PICTURETEXT ="" PRECISION ="100" SCALE ="0"/>
        <TARGETFIELD BUSINESSNAME ="" DATATYPE ="varchar" DESCRIPTION ="" FIELDNUMBER ="4" KEYTYPE ="NOT A KEY" NAME ="CUST_MOB" NULLABLE ="NOTNULL" PICTURETEXT ="" PRECISION ="100" SCALE ="0"/>
        <TARGETFIELD BUSINESSNAME ="" DATATYPE ="varchar" DESCRIPTION ="" FIELDNUMBER ="5" KEYTYPE ="NOT A KEY" NAME ="CUST_EMAIL" NULLABLE ="NOTNULL" PICTURETEXT ="" PRECISION ="100" SCALE ="0"/>
        <TARGETFIELD BUSINESSNAME ="" DATATYPE ="datetime" DESCRIPTION ="" FIELDNUMBER ="6" KEYTYPE ="NOT A KEY" NAME ="create_date" NULLABLE ="NULL" PICTURETEXT ="" PRECISION ="23" SCALE ="3"/>
        <TARGETFIELD BUSINESSNAME ="" DATATYPE ="datetime" DESCRIPTION ="" FIELDNUMBER ="7" KEYTYPE ="NOT A KEY" NAME ="update_date" NULLABLE ="NULL" PICTURETEXT ="" PRECISION ="23" SCALE ="3"/>
    </TARGET>
    <MAPPING DESCRIPTION ="" ISVALID ="YES" NAME ="m_dim_cust" OBJECTVERSION ="1" VERSIONNUMBER ="1">
        <TRANSFORMATION DESCRIPTION ="" NAME ="SQ_STG_CUSTOMER_DATA" OBJECTVERSION ="1" REUSABLE ="NO" TYPE ="Source Qualifier" VERSIONNUMBER ="1">
            <TRANSFORMFIELD DATATYPE ="string" DEFAULTVALUE ="" DESCRIPTION ="" NAME ="CUST_NAME" PICTURETEXT ="" PORTTYPE ="INPUT/OUTPUT" PRECISION ="100" SCALE ="0"/>
            <TRANSFORMFIELD DATATYPE ="string" DEFAULTVALUE ="" DESCRIPTION ="" NAME ="CUST_MOB" PICTURETEXT ="" PORTTYPE ="INPUT/OUTPUT" PRECISION ="100" SCALE ="0"/>
            <TRANSFORMFIELD DATATYPE ="string" DEFAULTVALUE ="" DESCRIPTION ="" NAME ="CUST_EMAIL" PICTURETEXT ="" PORTTYPE ="INPUT/OUTPUT" PRECISION ="100" SCALE ="0"/>
            <TRANSFORMFIELD DATATYPE ="string" DEFAULTVALUE ="" DESCRIPTION ="" NAME ="CUST_ADDR" PICTURETEXT ="" PORTTYPE ="INPUT/OUTPUT" PRECISION ="100" SCALE ="0"/>
            <TABLEATTRIBUTE NAME ="Sql Query" VALUE =""/>
            <TABLEATTRIBUTE NAME ="User Defined Join" VALUE =""/>
            <TABLEATTRIBUTE NAME ="Source Filter" VALUE =""/>
            <TABLEATTRIBUTE NAME ="Number Of Sorted Ports" VALUE ="0"/>
            <TABLEATTRIBUTE NAME ="Tracing Level" VALUE ="Normal"/>
            <TABLEATTRIBUTE NAME ="Select Distinct" VALUE ="NO"/>
            <TABLEATTRIBUTE NAME ="Is Partitionable" VALUE ="NO"/>
            <TABLEATTRIBUTE NAME ="Pre SQL" VALUE =""/>
            <TABLEATTRIBUTE NAME ="Post SQL" VALUE =""/>
            <TABLEATTRIBUTE NAME ="Output is deterministic" VALUE ="NO"/>
            <TABLEATTRIBUTE NAME ="Output is repeatable" VALUE ="Never"/>
        </TRANSFORMATION>
        <TRANSFORMATION DESCRIPTION ="" NAME ="sg_cust" OBJECTVERSION ="1" REUSABLE ="NO" TYPE ="Sequence" VERSIONNUMBER ="1">
            <TRANSFORMFIELD DATATYPE ="bigint" DEFAULTVALUE ="ERROR(&apos;transformation error&apos;)" DESCRIPTION ="" NAME ="NEXTVAL" PICTURETEXT ="" PORTTYPE ="OUTPUT" PRECISION ="19" SCALE ="0"/>
            <TRANSFORMFIELD DATATYPE ="bigint" DEFAULTVALUE ="ERROR(&apos;transformation error&apos;)" DESCRIPTION ="" NAME ="CURRVAL" PICTURETEXT ="" PORTTYPE ="OUTPUT" PRECISION ="19" SCALE ="0"/>
            <TABLEATTRIBUTE NAME ="Start Value" VALUE ="1"/>
            <TABLEATTRIBUTE NAME ="Increment By" VALUE ="1"/>
            <TABLEATTRIBUTE NAME ="End Value" VALUE ="9223372036854775807"/>
            <TABLEATTRIBUTE NAME ="Current Value" VALUE ="101"/>
            <TABLEATTRIBUTE NAME ="Cycle" VALUE ="NO"/>
            <TABLEATTRIBUTE NAME ="Number of Cached Values" VALUE ="0"/>
            <TABLEATTRIBUTE NAME ="Reset" VALUE ="NO"/>
            <TABLEATTRIBUTE NAME ="Is Current Value Shared" VALUE ="NO"/>
            <TABLEATTRIBUTE NAME ="Tracing Level" VALUE ="Normal"/>
        </TRANSFORMATION>
        <TRANSFORMATION DESCRIPTION ="" NAME ="exp_date" OBJECTVERSION ="1" REUSABLE ="NO" TYPE ="Expression" VERSIONNUMBER ="1">
            <TRANSFORMFIELD DATATYPE ="string" DEFAULTVALUE ="" DESCRIPTION ="" EXPRESSION ="CUST_NAME" EXPRESSIONTYPE ="GENERAL" NAME ="CUST_NAME" PICTURETEXT ="" PORTTYPE ="INPUT/OUTPUT" PRECISION ="100" SCALE ="0"/>
            <TRANSFORMFIELD DATATYPE ="string" DEFAULTVALUE ="" DESCRIPTION ="" EXPRESSION ="CUST_MOB" EXPRESSIONTYPE ="GENERAL" NAME ="CUST_MOB" PICTURETEXT ="" PORTTYPE ="INPUT/OUTPUT" PRECISION ="100" SCALE ="0"/>
            <TRANSFORMFIELD DATATYPE ="string" DEFAULTVALUE ="" DESCRIPTION ="" EXPRESSION ="CUST_EMAIL" EXPRESSIONTYPE ="GENERAL" NAME ="CUST_EMAIL" PICTURETEXT ="" PORTTYPE ="INPUT/OUTPUT" PRECISION ="100" SCALE ="0"/>
            <TRANSFORMFIELD DATATYPE ="string" DEFAULTVALUE ="" DESCRIPTION ="" EXPRESSION ="CUST_ADDR" EXPRESSIONTYPE ="GENERAL" NAME ="CUST_ADDR" PICTURETEXT ="" PORTTYPE ="INPUT/OUTPUT" PRECISION ="100" SCALE ="0"/>
            <TRANSFORMFIELD DATATYPE ="date/time" DEFAULTVALUE ="ERROR(&apos;transformation error&apos;)" DESCRIPTION ="" EXPRESSION ="SYSDATE" EXPRESSIONTYPE ="GENERAL" NAME ="create_date" PICTURETEXT ="" PORTTYPE ="OUTPUT" PRECISION ="29" SCALE ="9"/>
            <TRANSFORMFIELD DATATYPE ="date/time" DEFAULTVALUE ="ERROR(&apos;transformation error&apos;)" DESCRIPTION ="" EXPRESSION ="SYSDATE" EXPRESSIONTYPE ="GENERAL" NAME ="update_date" PICTURETEXT ="" PORTTYPE ="OUTPUT" PRECISION ="29" SCALE ="9"/>
            <TABLEATTRIBUTE NAME ="Tracing Level" VALUE ="Normal"/>
        </TRANSFORMATION>
        <INSTANCE DESCRIPTION ="" NAME ="DIM_CUSTOMER" TRANSFORMATION_NAME ="DIM_CUSTOMER" TRANSFORMATION_TYPE ="Target Definition" TYPE ="TARGET"/>
        <INSTANCE DBDNAME ="inf_ss_hr" DESCRIPTION ="" NAME ="STG_CUSTOMER_DATA" TRANSFORMATION_NAME ="STG_CUSTOMER_DATA" TRANSFORMATION_TYPE ="Source Definition" TYPE ="SOURCE"/>
        <INSTANCE DESCRIPTION ="" NAME ="SQ_STG_CUSTOMER_DATA" REUSABLE ="NO" TRANSFORMATION_NAME ="SQ_STG_CUSTOMER_DATA" TRANSFORMATION_TYPE ="Source Qualifier" TYPE ="TRANSFORMATION">
            <ASSOCIATED_SOURCE_INSTANCE NAME ="STG_CUSTOMER_DATA"/>
        </INSTANCE>
        <INSTANCE DESCRIPTION ="" NAME ="sg_cust" REUSABLE ="NO" TRANSFORMATION_NAME ="sg_cust" TRANSFORMATION_TYPE ="Sequence" TYPE ="TRANSFORMATION"/>
        <INSTANCE DESCRIPTION ="" NAME ="exp_date" REUSABLE ="NO" TRANSFORMATION_NAME ="exp_date" TRANSFORMATION_TYPE ="Expression" TYPE ="TRANSFORMATION"/>
        <CONNECTOR FROMFIELD ="NEXTVAL" FROMINSTANCE ="sg_cust" FROMINSTANCETYPE ="Sequence" TOFIELD ="CUST_ID" TOINSTANCE ="DIM_CUSTOMER" TOINSTANCETYPE ="Target Definition"/>
        <CONNECTOR FROMFIELD ="CUST_NAME" FROMINSTANCE ="exp_date" FROMINSTANCETYPE ="Expression" TOFIELD ="CUST_NAME" TOINSTANCE ="DIM_CUSTOMER" TOINSTANCETYPE ="Target Definition"/>
        <CONNECTOR FROMFIELD ="CUST_ADDR" FROMINSTANCE ="exp_date" FROMINSTANCETYPE ="Expression" TOFIELD ="CUSR_ADDRESS" TOINSTANCE ="DIM_CUSTOMER" TOINSTANCETYPE ="Target Definition"/>
        <CONNECTOR FROMFIELD ="CUST_MOB" FROMINSTANCE ="exp_date" FROMINSTANCETYPE ="Expression" TOFIELD ="CUST_MOB" TOINSTANCE ="DIM_CUSTOMER" TOINSTANCETYPE ="Target Definition"/>
        <CONNECTOR FROMFIELD ="CUST_EMAIL" FROMINSTANCE ="exp_date" FROMINSTANCETYPE ="Expression" TOFIELD ="CUST_EMAIL" TOINSTANCE ="DIM_CUSTOMER" TOINSTANCETYPE ="Target Definition"/>
        <CONNECTOR FROMFIELD ="create_date" FROMINSTANCE ="exp_date" FROMINSTANCETYPE ="Expression" TOFIELD ="create_date" TOINSTANCE ="DIM_CUSTOMER" TOINSTANCETYPE ="Target Definition"/>
        <CONNECTOR FROMFIELD ="update_date" FROMINSTANCE ="exp_date" FROMINSTANCETYPE ="Expression" TOFIELD ="update_date" TOINSTANCE ="DIM_CUSTOMER" TOINSTANCETYPE ="Target Definition"/>
        <CONNECTOR FROMFIELD ="CUST_NAME" FROMINSTANCE ="STG_CUSTOMER_DATA" FROMINSTANCETYPE ="Source Definition" TOFIELD ="CUST_NAME" TOINSTANCE ="SQ_STG_CUSTOMER_DATA" TOINSTANCETYPE ="Source Qualifier"/>
        <CONNECTOR FROMFIELD ="CUST_MOB" FROMINSTANCE ="STG_CUSTOMER_DATA" FROMINSTANCETYPE ="Source Definition" TOFIELD ="CUST_MOB" TOINSTANCE ="SQ_STG_CUSTOMER_DATA" TOINSTANCETYPE ="Source Qualifier"/>
        <CONNECTOR FROMFIELD ="CUST_EMAIL" FROMINSTANCE ="STG_CUSTOMER_DATA" FROMINSTANCETYPE ="Source Definition" TOFIELD ="CUST_EMAIL" TOINSTANCE ="SQ_STG_CUSTOMER_DATA" TOINSTANCETYPE ="Source Qualifier"/>
        <CONNECTOR FROMFIELD ="CUST_ADDR" FROMINSTANCE ="STG_CUSTOMER_DATA" FROMINSTANCETYPE ="Source Definition" TOFIELD ="CUST_ADDR" TOINSTANCE ="SQ_STG_CUSTOMER_DATA" TOINSTANCETYPE ="Source Qualifier"/>
        <CONNECTOR FROMFIELD ="CUST_NAME" FROMINSTANCE ="SQ_STG_CUSTOMER_DATA" FROMINSTANCETYPE ="Source Qualifier" TOFIELD ="CUST_NAME" TOINSTANCE ="exp_date" TOINSTANCETYPE ="Expression"/>
        <CONNECTOR FROMFIELD ="CUST_MOB" FROMINSTANCE ="SQ_STG_CUSTOMER_DATA" FROMINSTANCETYPE ="Source Qualifier" TOFIELD ="CUST_MOB" TOINSTANCE ="exp_date" TOINSTANCETYPE ="Expression"/>
        <CONNECTOR FROMFIELD ="CUST_EMAIL" FROMINSTANCE ="SQ_STG_CUSTOMER_DATA" FROMINSTANCETYPE ="Source Qualifier" TOFIELD ="CUST_EMAIL" TOINSTANCE ="exp_date" TOINSTANCETYPE ="Expression"/>
        <CONNECTOR FROMFIELD ="CUST_ADDR" FROMINSTANCE ="SQ_STG_CUSTOMER_DATA" FROMINSTANCETYPE ="Source Qualifier" TOFIELD ="CUST_ADDR" TOINSTANCE ="exp_date" TOINSTANCETYPE ="Expression"/>
        <TARGETLOADORDER ORDER ="1" TARGETINSTANCE ="DIM_CUSTOMER"/>
        <ERPINFO/>
    </MAPPING>
</FOLDER>
</REPOSITORY>
</POWERMART>